gene_name	accession	n
F8	P00451	468
SCN1A	P35498	409
FBN1	P35555	393
ABCA4	P78363	226
PAH	P00439	226
MYH7	P12883	199
GJB1	P08034	189
SCN5A	Q14524	189
GBA1	P04062	188
ATP7B	P35670	180
GLA	P06280	180
AR	P10275	168
RYR1	P21817	158
NPC1	O15118	150
COL1A1	P02452	148
CFTR	P13569	147
COL4A5	P29400	144
F9	P00740	141
CPS1	P31327	140
GALT	P07902	134
RET	P07949	134
VHL	P40337	133
LMNA	P02545	132
ABCD1	P33897	131
GAA	P10253	131
KCNQ1	P51787	131
GALNS	P34059	126
IDS	P22304	126
MMUT	P22033	125
SLC12A3	P55017	119
KCNH2	Q12809	117
ALPL	P05186	113
OTC	P00480	111
SMPD1	P17405	111
TYR	P14679	111
BEST1	O76090	110
BTK	Q06187	110
NOTCH3	Q9UM47	110
CASR	P41180	109
F7	P08709	108
GCK	P35557	107
LDLR	P01130	105
CBS	P35520	103
COL3A1	P02461	103
PKLR	P30613	101
GLB1	P16278	99
PSEN1	P49768	98
ABCC8	Q09428	97
ARSA	P15289	97
MEN1	O00255	96
PKHD1	P08F94	93
PKD1	P98161	92
HMBS	P08397	90
MPZ	P25189	90
ELANE	P08246	89
PROS1	P07225	89
ABCC6	O95255	86
ASS1	P00966	86
MLH1	P40692	85
NF1	P21359	85
SERPINC1	P01008	85
ACTA1	P68133	84
AVPR2	P30518	84
COL1A2	P08123	84
TP53	P04637	83
ACVRL1	P37023	82
CRB1	P82279	81
SHH	Q15465	81
SCN2A	Q99250	79
SOD1	P00441	79
COL7A1	Q02388	77
SPAST	Q9UBP0	77
TTR	P02766	75
FGFR1	P11362	74
PLP1	P60201	74
POLG	P54098	73
SLC22A5	O76082	73
SLC26A4	O43511	73
ABCB4	P21439	72
FGFR2	P21802	72
EDA	Q92838	71
LPL	P06858	71
MSH2	P43246	71
USH2A	O75445	70
RHO	P08100	69
HGD	Q93099	68
NAGLU	P54802	68
L1CAM	P32004	67
CYP21A2	P08686	66
PMM2	O15305	66
RS1	O15537	66
CYBB	P04839	65
SCN4A	P35499	65
TGM1	P22735	65
COL2A1	P02458	64
HPRT1	P00492	64
INSR	P06213	64
MYBPC3	Q14896	64
ASL	P04424	63
GFAP	P14136	62
NPHS1	O60500	62
COMP	P49747	61
NDP	Q00604	60
OPA1	O60313	60
PTPN11	Q06124	60
CNGA3	Q16281	59
CDH23	Q9H251	58
F11	P03951	58
G6PD	P11413	58
GCDH	Q92947	58
MYOC	Q99972	58
CHST6	Q9GZX3	57
IDUA	P35475	57
MTM1	Q13496	57
PPOX	P50336	56
SGSH	P51688	56
DYSF	O75923	55
LRP5	O75197	55
NKX2-5	P52952	55
UGT1A1	P22309	55
CLCN1	P35523	54
G6PC1	P35575	54
JAG1	P78504	54
KRT5	P13647	54
DHCR7	Q9UBM7	53
MTHFR	P42898	53
TSC2	P49815	53
ATP7A	Q04656	52
CAPN3	P20807	52
MCCC2	Q9HCC0	52
NPHS2	Q9NP85	51
CHD7	Q9P2D1	50
DCX	O43602	50
GJA1	P17302	50
MEFV	O15553	50
MYO7A	Q13402	50
HEXA	P06865	49
SLC3A1	Q07837	49
PIK3CA	P42336	48
RYR2	Q92736	48
SLC2A1	P11166	48
BRCA2	P51587	47
CYP11B1	P15538	47
MECP2	P51608	47
RUNX2	Q13950	47
SMARCA2	P51531	47
TMEM67	Q5HYA8	47
CACNA1A	O00555	46
GJB2	P29033	46
KCNJ11	Q14654	46
WT1	P19544	46
IRF6	O14896	45
KRT14	P02533	45
SMCHD1	A6NHR9	45
THAP1	Q9NVV9	45
GALC	P54803	44
PRPH2	P23942	44
RPE65	Q16518	44
TRPV4	Q9HBA0	44
ADAMTS13	Q76LX8	43
VWF	P04275	43
ASPA	P45381	42
ATP1A3	P13637	42
CFH	P08603	42
HNF1A	P20823	42
SLC4A11	Q8NBS3	42
ATM	Q13315	41
ATP2A2	P16615	41
OCRL	Q01968	41
PTEN	P60484	41
AGXT	P21549	40
CYP1B1	Q16678	40
MAN2B1	O00754	40
SERPING1	P05155	40
SLC4A1	P02730	40
AVP	P01185	39
BRAF	P15056	39
OCA2	Q04671	39
TSHR	P16473	39
UROD	P06132	39
WFS1	O76024	39
ACADVL	P49748	38
BCHE	P06276	38
GCH1	P30793	38
MVK	Q03426	38
PAX6	P26367	38
RAG1	P15918	38
SOS1	Q07889	38
TH	P07101	38
TWNK	Q96RR1	38
GNE	Q9Y223	37
KCNQ2	O43526	37
NIPBL	Q6KC79	37
NLRP3	Q96P20	37
PMP22	Q01453	37
TPP1	O14773	37
UMOD	P07911	37
CDKN2A	P42771	36
FGFR3	P22607	36
GUSB	P08236	36
KIF1A	Q12756	36
PCDH19	Q8TAB3	36
PROC	P04070	36
ATRX	P46100	35
BRCA1	P38398	35
DES	P17661	35
DYNC2H1	Q8NCM8	35
ERCC2	P18074	35
GPR143	P51810	34
ITGA2B	P08514	34
KLHL3	Q9UH77	34
LCAT	P04180	34
SIX3	O95343	34
SLC7A9	P82251	34
CREBBP	Q92793	33
ENPP1	P22413	33
IL2RG	P31785	33
MCCC1	Q96RQ3	33
THRB	P10828	33
ABCA1	O95477	32
CD40LG	P29965	32
CLCN5	P51795	32
COL4A1	P02462	32
ENG	P17813	32
FKRP	Q9H9S5	32
FOXC1	Q12948	32
GRIN2A	Q12879	32
GUCY2D	Q02846	32
LMX1B	O60663	32
SLC37A4	O43826	32
TP63	Q9H3D4	32
CTNS	O60931	31
IGHMBP2	P38935	31
PRKN	O60260	31
TERT	O14746	31
FBN2	P35556	30
INF2	Q27J81	30
ITGB3	P05106	30
PANK2	Q9BZ23	30
PHEX	P78562	30
SOX11	P35716	30
SQSTM1	Q13501	30
WAS	P42768	30
ARSB	P15848	29
ATP8B1	O43520	29
CACNA1C	Q13936	29
CLCN7	P51798	29
CTSC	P53634	29
EIF2B5	Q13144	29
FLNA	P21333	29
MC4R	P32245	29
SGCA	Q16586	29
TECTA	O75443	29
AQP2	P41181	28
HSD3B2	P26439	28
NMNAT1	Q9HAN9	28
PAX3	P23760	28
SCN8A	Q9UQD0	28
ADA	P00813	27
ADSL	P30566	27
FANCA	O15360	27
KRAS	P01116	27
OAT	P04181	27
SRY	Q05066	27
TARDBP	Q13148	27
ALDH3A2	P51648	26
CYP17A1	P05093	26
F10	P00742	26
FOXL2	P58012	26
LZTR1	Q8N653	26
PCCB	P05166	26
SLC26A3	P40879	26
STAT1	P42224	26
ALG1	Q9BT22	25
CAV3	P56539	25
FRMD7	Q6ZUT3	25
GNPTAB	Q3T906	25
GREB1L	Q9C091	25
HGSNAT	Q68CP4	25
LHCGR	P22888	25
MUTYH	Q9UIF7	25
NTRK1	P04629	25
RPGR	Q92834	25
SACS	Q9NZJ4	25
TGFBR2	P37173	25
TMPRSS6	Q8IU80	25
ALAS2	P22557	24
BBS10	Q8TAM1	24
CLN6	Q9NWW5	24
DKC1	O60832	24
GDF5	P43026	24
GNAS	P63092	24
GPI	P06744	24
KRT6A	P02538	24
NR5A1	Q13285	24
PAX2	Q02962	24
PINK1	Q9BXM7	24
PTS	Q03393	24
TPO	P07202	24
CC2D2A	Q9P2K1	23
FECH	P22830	23
HLCS	P50747	23
HNF1B	P35680	23
LRRK2	Q5S007	23
MYO5B	Q9ULV0	23
NEU1	Q99519	23
PPT1	P50897	23
RPS19	P39019	23
SDHB	P21912	23
TGFBI	Q15582	23
AFG3L2	Q9Y4W6	22
APC	P25054	22
DNM2	P50570	22
FAS	P25445	22
GATA4	P43694	22
GLDC	P23378	22
H3-3A	P84243	22
IKBKG	Q9Y6K9	22
INS	P01308	22
MKKS	Q9NPJ1	22
MMAA	Q8IVH4	22
NHLRC1	Q6VVB1	22
RAF1	P04049	22
RB1	P06400	22
SLC5A1	P13866	22
ABCB11	O95342	21
ACTG2	P63267	21
BCS1L	Q9Y276	21
CLPB	Q9H078	21
CPT2	P23786	21
DYNC1H1	Q14204	21
G6PC3	Q9BUM1	21
GAN	Q9H2C0	21
HUWE1	Q7Z6Z7	21
KIT	P10721	21
KMT2D	O14686	21
KRT9	P35527	21
MET	P08581	21
PDHA1	P08559	21
SCN9A	Q15858	21
SLC45A2	Q9UMX9	21
SMC1A	Q14683	21
SPTA1	P02549	21
SRD5A2	P31213	21
TNNI3	P19429	21
TNNT2	P45379	21
UROS	P10746	21
ZIC2	O95409	21
ATP2C1	P98194	20
BBS2	Q9BXC9	20
CACNA1F	O60840	20
CSF1R	P07333	20
FAH	P16930	20
FBXW7	Q969H0	20
FOXF1	Q12946	20
FUS	P35637	20
GJA3	Q9Y6H8	20
HSPB1	P04792	20
KRT1	P04264	20
KRT17	Q04695	20
MFN2	O95140	20
NOG	Q13253	20
NPR2	P20594	20
POMGNT1	Q8WZA1	20
SETX	Q7Z333	20
SLC16A2	P36021	20
SPTBN1	Q01082	20
STXBP1	P61764	20
TPM2	P07951	20
ACADM	P11310	19
AFG2B	Q9BVQ7	19
AIRE	O43918	19
ATL1	Q8WXF7	19
BMPR2	Q13873	19
CDKL5	O76039	19
DOK7	Q18PE1	19
EFNB1	P98172	19
EPM2A	O95278	19
FLNB	O75369	19
FZD4	Q9ULV1	19
GHR	P10912	19
GMPPB	Q9Y5P6	19
HMGCL	P35914	19
HMGCS2	P54868	19
SH2D1A	O60880	19
STAT3	P40763	19
UBIAD1	Q9Y5Z9	19
VKORC1	Q9BQB6	19
ALOX12B	O75342	18
CACNA1H	O95180	18
CHD3	Q12873	18
COL10A1	Q03692	18
CYP27B1	O15528	18
DDX3X	O00571	18
EDAR	Q9UNE0	18
GAMT	Q14353	18
GARS1	P41250	18
GLRA1	P23415	18
GNAO1	P09471	18
HRAS	P01112	18
KCNA1	Q09470	18
KRT12	Q99456	18
MAPT	P10636	18
MTOR	P42345	18
NR0B1	P51843	18
PNPLA6	Q8IY17	18
PRNP	P04156	18
PTCH1	Q13635	18
RDH5	Q92781	18
SETBP1	Q9Y6X0	18
SLC7A7	Q9UM01	18
SMN1	Q16637	18
SOX9	P48436	18
TPM3	P06753	18
TREX1	Q9NSU2	18
UBR1	Q8IWV7	18
ACTA2	P62736	17
APP	P05067	17
ARMC5	Q96C12	17
CLDN16	Q9Y5I7	17
COQ2	Q96H96	17
CPOX	P36551	17
EFHC1	Q5JVL4	17
F13A1	P00488	17
GUCA1A	P43080	17
LGI1	O95970	17
MFSD8	Q8NHS3	17
MORC2	Q9Y6X9	17
MYH9	P35579	17
MYPN	Q86TC9	17
NOD2	Q9HC29	17
NPHP4	O75161	17
PEX1	O43933	17
PHKA2	P46019	17
PRKAR1A	P10644	17
PYGM	P11217	17
SLC20A2	Q08357	17
SLC25A1	P53007	17
ACTG1	P63261	16
ALDOB	P05062	16
ALK	Q9UM73	16
CLN8	Q9UBY8	16
DNMT3A	Q9Y6K1	16
DNMT3B	Q9UBC3	16
EYS	Q5T1H1	16
FBLN5	Q9UBX5	16
FSHR	P23945	16
GALE	Q14376	16
GATA6	Q92908	16
GNB1	P62873	16
HCN1	O60741	16
KRT10	P13645	16
KRT16	P08779	16
MATN3	O15232	16
MPV17	P39210	16
NF2	P35240	16
NR2E3	Q9Y5X4	16
NYX	Q9GZU5	16
PCCA	P05165	16
PIGA	P37287	16
PRODH	O43272	16
PROKR2	Q8NFJ6	16
PRPS1	P60891	16
QDPR	P09417	16
SLC35A2	P78381	16
SUMF1	Q8NBK3	16
TBC1D24	Q9ULP9	16
TRNT1	Q96Q11	16
VCP	P55072	16
ABCC9	O60706	15
ALDH18A1	P54886	15
ANOS1	P23352	15
C19orf12	Q9NSK7	15
CPT1A	P50416	15
ERCC4	Q92889	15
EYA1	Q99502	15
GATM	P50440	15
GH1	P01241	15
HSD17B3	P37058	15
INPP5E	Q9NRR6	15
ITGB2	P05107	15
KRT2	P35908	15
MLC1	Q15049	15
POLR3A	O14802	15
POMT2	Q9UKY4	15
PORCN	Q9H237	15
SLC25A15	Q9Y619	15
TGFBR1	P36897	15
TUBB8	Q3ZCM7	15
ABCA12	Q86UK0	14
ADAMTSL2	Q86TH1	14
ANG	P03950	14
ASAH1	Q13510	14
ATP1A2	P50993	14
CACNA1E	Q15878	14
COCH	O43405	14
COL6A3	P12111	14
CRLF1	O75462	14
CTNNB1	P35222	14
DMD	P11532	14
EARS2	Q5JPH6	14
ECHS1	P30084	14
FLT4	P35916	14
GDF6	Q6KF10	14
GNRHR	P30968	14
GRIA2	P42262	14
GSS	P48637	14
HADHB	P55084	14
HJV	Q6ZVN8	14
HSD11B2	P80365	14
ITGB4	P16144	14
IVD	P26440	14
KIF5A	Q12840	14
MMACHC	Q9Y4U1	14
MPL	P40238	14
MYH3	P11055	14
NCF2	P19878	14
NR3C2	P08235	14
NRAS	P01111	14
NSD1	Q96L73	14
OSGEP	Q9NPF4	14
OTOF	Q9HC10	14
PHYH	O14832	14
POLR3B	Q9NW08	14
RNASEH2B	Q5TBB1	14
RTEL1	Q9NZ71	14
SKI	P12755	14
SLC40A1	Q9NP59	14
SLC6A19	Q695T7	14
SLCO2A1	Q92959	14
SOX10	P56693	14
STIM1	Q13586	14
TCF4	P15884	14
VDR	P11473	14
ABCA3	Q99758	13
B3GALT6	Q96L58	13
BCKDHA	P12694	13
BMP15	O95972	13
CFI	P05156	13
CHEK2	O96017	13
CHRNE	Q04844	13
COL4A3	Q01955	13
COL6A1	P12109	13
F12	P00748	13
FH	P07954	13
FHL1	Q13642	13
FOXI3	A8MTJ6	13
GFPT1	Q06210	13
GLUD1	P00367	13
GRIN1	Q05586	13
H4C1	P62805	13
KCNJ1	P48048	13
KLHL40	Q2TBA0	13
MPI	P34949	13
PDE6B	P35913	13
PGM1	P36871	13
PITX2	Q99697	13
POLR1C	O15160	13
POU1F1	P28069	13
RBM20	Q5T481	13
RPS6KA3	P51812	13
SAMHD1	Q9Y3Z3	13
SCNN1B	P51168	13
SGCB	Q16585	13
SGCE	O43556	13
SLC46A1	Q96NT5	13
ZC4H2	Q9NQZ6	13
ACAD9	Q9H845	12
ADAR	P55265	12
AGA	P20933	12
AIFM1	O95831	12
ALDH5A1	P51649	12
APOE	P02649	12
BBS1	Q8NFJ9	12
C3	P01024	12
CANT1	Q8WVQ1	12
CHRNA1	P02708	12
CLN5	O75503	12
CNOT1	A5YKK6	12
COQ8A	Q8NI60	12
CRPPA	A4D126	12
CTSA	P10619	12
CYBA	P13498	12
DNAH5	Q8TE73	12
ETFDH	Q16134	12
EXT1	Q16394	12
GABRG2	P18507	12
GNAI1	P63096	12
GRIN2B	Q13224	12
KARS1	Q15046	12
KCNJ2	P63252	12
KCNT1	Q5JUK3	12
MAT1A	Q00266	12
NEFL	P07196	12
NR3C1	P04150	12
PDE4D	Q08499	12
PIEZO1	Q92508	12
PRSS1	P07477	12
SATB1	Q01826	12
SLC6A8	P48029	12
STUB1	Q9UNE7	12
TBK1	Q9UHD2	12
TFE3	P19532	12
TNFRSF1A	P19438	12
TRPM1	Q7Z4N2	12
TRPM4	Q8TD43	12
TUBB3	Q13509	12
TULP1	O00294	12
ABCB6	Q9NP58	11
ACTC1	P68032	11
AGO2	Q9UKV8	11
AMT	P48728	11
CARD14	Q9BXL6	11
CARD9	Q9H257	11
CHD5	Q8TDI0	11
CLCN4	P51793	11
CYP7B1	O75881	11
DARS2	Q6PI48	11
DCTN1	Q14203	11
EGR2	P11161	11
EPHB4	P54760	11
EZH2	Q15910	11
GALK1	P51570	11
GDAP1	Q8TB36	11
GJA8	P48165	11
HEPACAM	Q14CZ8	11
HFE	Q30201	11
HSD17B10	Q99714	11
HTRA1	Q92743	11
KIF21A	Q7Z4S6	11
LAMA2	P24043	11
LDHB	P07195	11
LRP4	O75096	11
MAF	O75444	11
MNX1	P50219	11
NALCN	Q8IZF0	11
NNT	Q13423	11
OXCT1	P55809	11
PEX6	Q13608	11
PIGT	Q969N2	11
PLA2G6	O60733	11
SI	P14410	11
SMARCAL1	Q9NZC9	11
SNRNP200	O75643	11
SUOX	P51687	11
SURF1	Q15526	11
TBCD	Q9BTW9	11
TK2	O00142	11
TNPO2	O14787	11
TSC1	Q92574	11
TTC21B	Q7Z4L5	11
WDR19	Q8NEZ3	11
ABCG8	Q9H221	10
ACADS	P16219	10
ACAT1	P24752	10
ADA2	Q9NZK5	10
AFG2A	Q8NB90	10
ALDH1A3	P47895	10
AMPD3	Q01432	10
BBS12	Q6ZW61	10
BICD2	Q8TD16	10
CHAT	P28329	10
COL6A2	P12110	10
CRYAA	P02489	10
CTRC	Q99895	10
DHODH	Q02127	10
DLD	P09622	10
DSPP	Q9NZW4	10
DYNC2I2	Q96EX3	10
ELAC2	Q9BQ52	10
F2	P00734	10
FKTN	O75072	10
FOXP3	Q9BZS1	10
GPIHBP1	Q8IV16	10
IFIH1	Q9BYX4	10
IFNGR1	P15260	10
IFT140	Q96RY7	10
KCNH1	O95259	10
KDM5C	P41229	10
LONP1	P36776	10
LPAR6	P43657	10
MAFB	Q9Y5Q3	10
MOCS1	Q9NZB8	10
MT-ATP6	P00846	10
NRL	P54845	10
PKD2	Q13563	10
POLH	Q9Y253	10
POMT1	Q9Y6A1	10
POU4F3	Q15319	10
RDH12	Q96NR8	10
RP2	O75695	10
RRM2B	Q7LG56	10
SAMD9	Q5K651	10
SDHD	O14521	10
SELENON	Q9NZV5	10
SEMA3A	Q14563	10
SLC22A12	Q96S37	10
SLC52A2	Q9HAB3	10
SLC52A3	Q9NQ40	10
TAFAZZIN	Q16635	10
TEK	Q02763	10
TGFB1	P01137	10
TOE1	Q96GM8	10
TRIO	O75962	10
TRPC6	Q9Y210	10
TTN	Q8WZ42	10
TUBB2B	Q9BVA1	10
WNT10A	Q9GZT5	10
ZIC3	O60481	10
ACAD8	Q9UKU7	9
ACSF3	Q4G176	9
ACTN2	P35609	9
ADGRG1	Q9Y653	9
AMH	P03971	9
ANKRD17	O75179	9
APTX	Q7Z2E3	9
ARG1	P05089	9
ARSL	P51690	9
ARX	Q96QS3	9
ATP13A2	Q9NQ11	9
ATP2B1	P20020	9
ATP6V1B1	P15313	9
BBS4	Q96RK4	9
BTD	P43251	9
CACNA1S	Q13698	9
CCN6	O95389	9
CDAN1	Q8IWY9	9
CDH11	P55287	9
CDKN3	Q16667	9
CLN3	Q13286	9
CTC1	Q2NKJ3	9
CYB5R3	P00387	9
DDC	P20711	9
EBF3	Q9H4W6	9
EBP	Q15125	9
EDNRB	P24530	9
EIF2B2	P49770	9
ERCC6	Q03468	9
ETHE1	O95571	9
EXT2	Q93063	9
FAM20C	Q8IXL6	9
GABRB3	P28472	9
GATA5	Q9BWX5	9
GBE1	Q04446	9
GP1BA	P07359	9
HEXB	P07686	9
HOXD13	P35453	9
KCNE1	P15382	9
LAMB2	P55268	9
MAX	P61244	9
MBTPS2	O43462	9
MC2R	Q01718	9
MLH3	Q9UHC1	9
MT-ND5	P03915	9
MT-ND6	P03923	9
NLRP7	Q8WX94	9
PC	P11498	9
PCSK9	Q8NBP7	9
PFKM	P08237	9
PGK1	P00558	9
PLG	P00747	9
PMS2	P54278	9
POR	P16435	9
POT1	Q9NUX5	9
PPA2	Q9H2U2	9
PYCR1	P32322	9
RIT1	Q92963	9
SCN11A	Q9UI33	9
SIAE	Q9HAT2	9
SLC25A4	P12235	9
SLC26A2	P50443	9
SLC34A1	Q06495	9
SLC39A4	Q6P5W5	9
SPTLC1	O15269	9
STK11	Q15831	9
TBX5	Q99593	9
THBD	P07204	9
TTC7A	Q9ULT0	9
UBQLN2	Q9UHD9	9
WARS2	Q9UGM6	9
ACP5	P13686	8
ACTN4	O43707	8
ACVR1	Q04771	8
AICDA	Q9GZX7	8
ALDH7A1	P49419	8
AMHR2	Q16671	8
APRT	P07741	8
BLM	P54132	8
BMPR1A	P36894	8
CALM2	P0DP24	8
CDH2	P19022	8
CDK19	Q9BWU1	8
CLCN2	P51788	8
CLRN1	P58418	8
CNGB3	Q9NQW8	8
COL11A1	P12107	8
COL4A4	P53420	8
COQ8B	Q96D53	8
CYP4V2	Q6ZWL3	8
DARS1	P14868	8
EFEMP2	O95967	8
FARSB	Q9NSD9	8
FBXO11	Q86XK2	8
FGG	P02679	8
FLVCR2	Q9UPI3	8
FMO3	P31513	8
FN1	P02751	8
FXN	Q16595	8
GALNT12	Q8IXK2	8
GGCX	P38435	8
IFT172	Q9UG01	8
IGFALS	P35858	8
KCNC2	Q96PR1	8
KCNJ10	P78508	8
KCTD1	Q719H9	8
KRT86	O43790	8
L2HGDH	Q9H9P8	8
MARS1	P56192	8
MMP21	Q8N119	8
MTTP	P55157	8
NBAS	A2RRP1	8
NBEAL2	Q6ZNJ1	8
NT5C3A	Q9H0P0	8
OTULIN	Q96BN8	8
PDE6C	P51160	8
PDYN	P01213	8
PHGDH	O43175	8
PIEZO2	Q9H5I5	8
PKP2	Q99959	8
PPP2CA	P67775	8
PRF1	P14222	8
PRPF8	Q6P2Q9	8
PSAP	P07602	8
RAPSN	Q13702	8
RPGRIP1L	Q68CZ1	8
SCO2	O43819	8
SIX1	Q15475	8
SLC12A2	P55011	8
SLC29A3	Q9BZD2	8
SLC2A10	O95528	8
SLC4A4	Q9Y6R1	8
SLURP1	P55000	8
SMAD4	Q13485	8
STAG1	Q8WVM7	8
TMPRSS3	P57727	8
TONSL	Q96HA7	8
TPM1	P09493	8
TRRAP	Q9Y4A5	8
TUBA1A	Q71U36	8
UPB1	Q9UBR1	8
VPS13D	Q5THJ4	8
WDR37	Q9Y2I8	8
WNT1	P04628	8
ZAP70	P43403	8
ZEB1	P37275	8
ZFPM2	Q8WW38	8
ZMYND8	Q9ULU4	8
ACOX1	Q15067	7
ACY1	Q03154	7
ANKH	Q9HCJ1	7
BAG3	O95817	7
BAP1	Q92560	7
BUB1B	O60566	7
CALM1	P0DP23	7
CAMK2A	Q9UQM7	7
CDK8	P49336	7
CDKN1C	P49918	7
CFAP410	O43822	7
CFB	P00751	7
CHN1	P15882	7
CHRND	Q07001	7
CLCN3	P51790	7
COL11A2	P13942	7
COL5A1	P20908	7
COX10	Q12887	7
CPLANE1	Q9H799	7
CYP27A1	Q02318	7
DDR2	Q16832	7
DEPDC5	O75140	7
DLL4	Q9NR61	7
DNM1L	O00429	7
DPAGT1	Q9H3H5	7
EIF2B4	Q9UI10	7
EPHB2	P29323	7
ERCC8	Q13216	7
F5	P12259	7
FAT4	Q6V0I7	7
FBXL4	Q9UKA2	7
FBXW11	Q9UKB1	7
FGA	P02671	7
FGB	P02675	7
FGF23	Q9GZV9	7
FIG4	Q92562	7
FLNC	Q14315	7
GATA1	P15976	7
GCM2	O75603	7
GIPC3	Q8TF64	7
GLI3	P10071	7
GNB2	P62879	7
GP9	P14770	7
GTPBP3	Q969Y2	7
IDH2	P48735	7
IL10RA	Q13651	7
IL17RD	Q8NFM7	7
IMPDH1	P20839	7
INPP5K	Q9BT40	7
JAK3	P52333	7
KCNJ5	P48544	7
KCNQ4	P56696	7
KDM3B	Q7LBC6	7
KISS1R	Q969F8	7
MAPK1	P28482	7
MCOLN1	Q9GZU1	7
MFSD2A	Q8NA29	7
MITF	O75030	7
MSX1	P28360	7
MUSK	O15146	7
MYBPC1	Q00872	7
MYH6	P13533	7
MYOT	Q9UBF9	7
NDUFAF6	Q330K2	7
NIPAL4	Q0D2K0	7
NKX2-1	P43699	7
NPC2	P61916	7
NPHP3	Q7Z494	7
NTNG2	Q96CW9	7
PAFAH1B1	P43034	7
PDGFRB	P09619	7
PEX26	Q7Z412	7
PGM3	O95394	7
PI4KA	P42356	7
PIGG	Q5H8A4	7
POLR1D	P0DPB6	7
PPP3CA	Q08209	7
PRKAG2	Q9UGJ0	7
PROP1	O75360	7
PRRT2	Q7Z6L0	7
PRSS56	P0CW18	7
PSEN2	P49810	7
REEP1	Q9H902	7
RELN	P78509	7
RNASEH2A	O75792	7
RNASEH2C	Q8TDP1	7
SASH1	O94885	7
SCN1B	Q07699	7
SDHA	P31040	7
SEC23B	Q15437	7
SFTPA2	Q8IWL1	7
SH3BP2	P78314	7
SLC6A5	Q9Y345	7
SMAD6	O43541	7
SPRY4	Q9C004	7
SPTB	P11277	7
SRP54	P61011	7
STAR	P49675	7
STS	P08842	7
TAOK1	Q7L7X3	7
TG	P01266	7
TMEM127	O75204	7
TMEM216	Q9P0N5	7
TPI1	P60174	7
TRPS1	Q9UHF7	7
TSPAN12	O95859	7
TTPA	P49638	7
TWIST1	Q15672	7
UBA5	Q9GZZ9	7
USP7	Q93009	7
XPR1	Q9UBH6	7
ABCG5	Q9H222	6
ACTN1	P12814	6
AFF3	P51826	6
AGPS	O00116	6
AHCY	P23526	6
AHI1	Q8N157	6
ALG6	Q9Y672	6
ALOXE3	Q9BYJ1	6
ANTXR2	P58335	6
AP1G1	O43747	6
ARL6	Q9H0F7	6
ATG7	O95352	6
ATN1	P54259	6
ATP1A1	P05023	6
ATP6V0A4	Q9HBG4	6
BIN1	O00499	6
BMP6	P22004	6
BRIP1	Q9BX63	6
C1R	P00736	6
CAMK2B	Q13554	6
CDK13	Q14004	6
CFP	P27918	6
CHD4	Q14839	6
CHST14	Q8NCH0	6
CIB2	O75838	6
CNTNAP1	P78357	6
COLQ	Q9Y215	6
CRX	O43186	6
CRYGD	P07320	6
CTNND2	Q9UQB3	6
CTSK	P43235	6
CYP11A1	P05108	6
CYP11B2	P19099	6
DGUOK	Q16854	6
DHCR24	Q15392	6
DHX30	Q7L2E3	6
DONSON	Q9NYP3	6
DSP	P15924	6
EED	O75530	6
EPAS1	Q99814	6
ERCC5	P28715	6
F13B	P05160	6
FGF8	P55075	6
FOXE3	Q13461	6
FREM1	Q5H8C1	6
GABRA1	P14867	6
GATA2	P23769	6
GDF1	P27539	6
GIGYF2	Q6Y7W6	6
GJB3	O75712	6
GJC2	Q5T442	6
GRM6	O15303	6
GYS2	P54840	6
HARS1	P12081	6
HBG2	P69892	6
HESX1	Q9UBX0	6
HINT1	P49773	6
HK1	P19367	6
HS6ST1	O60243	6
IGF1R	P08069	6
IHH	Q14623	6
ITPR1	Q14643	6
JPH2	Q9BR39	6
KCNA2	P16389	6
KCNB1	Q14721	6
KCNJ18	B7U540	6
KCNK3	O14649	6
KCNN2	Q9H2S1	6
KCNV2	Q8TDN2	6
KLHL7	Q8IXQ5	6
KPNA3	O00505	6
KRT13	P13646	6
LSS	P48449	6
MAP2K1	Q02750	6
MAP3K7	O43318	6
MIP	P30301	6
MSH6	P52701	6
MTHFD1	P11586	6
MYL2	P10916	6
NAGS	Q8N159	6
NANS	Q9NR45	6
NFIX	Q14938	6
NLRP1	Q9C000	6
OPTN	Q96CV9	6
OTX2	P32243	6
PARK7	Q99497	6
PCYT1A	P49585	6
PDE3A	Q14432	6
PHF6	Q8IWS0	6
PIGB	Q92521	6
POLRMT	O00411	6
PRDM12	Q9H4Q4	6
PROK2	Q9HC23	6
PURA	Q00577	6
RAC1	P63000	6
RAD51C	O43502	6
RAG2	P55895	6
RHAG	Q02094	6
RHOBTB2	Q9BYZ6	6
ROBO3	Q96MS0	6
RP1	P56715	6
RPGRIP1	Q96KN7	6
RRAGD	Q9NQL2	6
SAMD9L	Q8IVG5	6
SCN3A	Q9NY46	6
SLC13A5	Q86YT5	6
SLC17A5	Q9NRA2	6
SLC2A9	Q9NRM0	6
SLC34A3	Q8N130	6
SLC39A8	Q9C0K1	6
SLC5A7	Q9GZV3	6
SPOP	O43791	6
SSBP1	Q04837	6
STAMBP	O95630	6
STRA6	Q9BX79	6
TBX22	Q9Y458	6
TET3	O43151	6
TFAP2B	Q92481	6
TLK2	Q86UE8	6
TNNC1	P63316	6
TRPM6	Q9BX84	6
TRPV6	Q9H1D0	6
UBA1	P22314	6
VPS13A	Q96RL7	6
WASHC5	Q12768	6
WDR11	Q9BZH6	6
WDR35	Q9P2L0	6
AARS1	P49588	5
AARS2	Q5JTZ9	5
ACO2	Q99798	5
ACTB	P60709	5
AGO1	Q9UL18	5
AGRN	O00468	5
AKR1D1	P51857	5
ALAD	P13716	5
ALG11	Q2TAA5	5
ALG12	Q9BV10	5
AQP5	P55064	5
BCKDHB	P21953	5
BMP4	P12644	5
BMPR1B	O00238	5
BSCL2	Q96G97	5
C7	P10643	5
CACNA1D	Q01668	5
CARD11	Q9BXL7	5
CCBE1	Q6UXH8	5
CCND2	P30279	5
CD46	P15529	5
CDC45	O75419	5
CDH1	P12830	5
CDON	Q4KMG0	5
CDT1	Q9H211	5
CHST3	Q7LGC8	5
CLCNKB	P51801	5
CLDN14	O95500	5
CNNM2	Q9H8M5	5
COL17A1	Q9UMD9	5
CRB2	Q5IJ48	5
CRYAB	P02511	5
CYP19A1	P11511	5
CYP4F22	Q6NT55	5
DDX6	P26196	5
DHX37	Q8IY37	5
DPF2	Q92785	5
DPYS	Q14117	5
DSC2	Q02487	5
DSG2	Q14126	5
EIF2B3	Q9NR50	5
EIF5A	P63241	5
EXTL3	O43909	5
FAM111A	Q96PZ2	5
FGD1	P98174	5
FLCN	Q8NFG4	5
FLI1	Q01543	5
FLVCR1	Q9Y5Y0	5
GABRA2	P47869	5
GDF3	Q9NR23	5
GEMIN5	Q8TEQ6	5
GHRHR	Q02643	5
GJA5	P36382	5
GJB4	Q9NTQ9	5
GLRB	P48167	5
GMPPA	Q96IJ6	5
GNA11	P29992	5
GPAA1	O43292	5
HADHA	P40939	5
HBB	P68871	5
HNF4A	P41235	5
HSPB8	Q9UJY1	5
IFNGR2	P38484	5
IFT122	Q9HBG6	5
IKZF1	Q13422	5
IQSEC2	Q5JU85	5
JAGN1	Q8N5M9	5
JAK2	O60674	5
KCND3	Q9UK17	5
KCNE2	Q9Y6J6	5
KCNJ16	Q9NPI9	5
KCNMA1	Q12791	5
KCTD7	Q96MP8	5
KIF7	Q2M1P5	5
LBR	Q14739	5
LITAF	Q99732	5
LMNB2	Q03252	5
LRP6	O75581	5
MAB21L2	Q9Y586	5
MAK	P20794	5
MAST3	O60307	5
MC1R	Q01726	5
MED12	Q93074	5
MMAB	Q96EY8	5
MMP13	P45452	5
MTRR	Q9UBK8	5
MYH14	Q7Z406	5
MYL3	P08590	5
NR2F2	P24468	5
NSD2	O96028	5
NUP107	P57740	5
OFD1	O75665	5
OPN1MW	P04001	5
ORAI1	Q96D31	5
ORC1	Q13415	5
OSMR	Q99650	5
PDE6A	P16499	5
PEX10	O60683	5
PGAP2	Q9UHJ9	5
PIGK	Q92643	5
PIGO	Q8TEQ8	5
PIWIL1	Q96J94	5
PLCB4	Q15147	5
PLOD1	Q02809	5
PMPCB	O75439	5
PNP	P00491	5
POU3F4	P49335	5
PPP1CB	P62140	5
PRKCG	P05129	5
PTH1R	Q03431	5
RALA	P11233	5
ROR2	Q01974	5
RPSA	P08865	5
RTN4R	Q9BZR6	5
SAR1B	Q9Y6B6	5
SCNN1A	P37088	5
SETD1A	O15047	5
SFTPC	P11686	5
SIAH1	Q8IUQ4	5
SLC12A5	Q9H2X9	5
SLC12A6	Q9UHW9	5
SLC27A4	Q6P1M0	5
SLC38A8	A6NNN8	5
SLC5A5	Q92911	5
SMAD3	P84022	5
SMARCA4	P51532	5
SMS	P52788	5
SNCA	P37840	5
SPTLC2	O15270	5
STAT5B	P51692	5
STT3A	P46977	5
STXBP2	Q15833	5
SYK	P43405	5
SYT1	P21579	5
TACR3	P29371	5
TAF1	P21675	5
TBR1	Q16650	5
TCIRG1	Q13488	5
TELO2	Q9Y4R8	5
TGDS	O95455	5
TGIF1	Q15583	5
TGM6	O95932	5
TIMP3	P35625	5
TMEM240	Q5SV17	5
TNFRSF11A	Q9Y6Q6	5
TNXB	P22105	5
TUBA4A	P68366	5
TUBB	P07437	5
TYMP	P19971	5
UGDH	O60701	5
VPS13B	Q7Z7G8	5
VSX2	P58304	5
WDR62	O43379	5
XPA	P23025	5
ZMIZ1	Q9ULJ6	5
ZMYND10	O75800	5
ABCB7	O75027	4
ABCC2	Q92887	4
ABHD5	Q8WTS1	4
ADAM10	O14672	4
AGTPBP1	Q9UPW5	4
AK1	P00568	4
AKR1C2	P52895	4
AKT1	P31749	4
ALX3	O95076	4
ALX4	Q9H161	4
ANK2	Q01484	4
ANO3	Q9BYT9	4
ATAD3A	Q9NVI7	4
ATP6AP1	Q15904	4
ATP6V1A	P38606	4
AXIN1	O15169	4
B3GALNT2	Q8NCR0	4
BBS7	Q8IWZ6	4
BRF1	Q92994	4
BSND	Q8WZ55	4
CA2	P00918	4
CA4	P22748	4
CACNA1I	Q9P0X4	4
CARMIL2	Q6F5E8	4
CASK	O14936	4
CASQ1	P31415	4
CASQ2	O14958	4
CBL	P22681	4
CDIN1	Q9Y2V0	4
CELSR1	Q9NYQ6	4
CHCHD10	Q8WYQ3	4
CHD1	O14646	4
CHMP2B	Q9UQN3	4
CHRNG	P07510	4
CNNM4	Q6P4Q7	4
CNOT3	O75175	4
COL8A2	P25067	4
COPA	P53621	4
COQ4	Q9Y3A0	4
CRELD1	Q96HD1	4
CSNK2A1	P68400	4
CSNK2B	P67870	4
CTNNA1	P35221	4
CTSF	Q9UBX1	4
CYP24A1	Q07973	4
CYP2U1	Q7Z449	4
DAG1	Q14118	4
DDB1	Q16531	4
DEAF1	O75398	4
DEGS1	O15121	4
DICER1	Q9UPY3	4
DNAH9	Q9NYC9	4
DNM1	Q05193	4
DNMT1	P26358	4
DPH1	Q9BZG8	4
DUSP6	Q16828	4
ECEL1	O95672	4
EMD	P50402	4
EPB42	P16452	4
ESRRB	O95718	4
EVC	P57679	4
EXOSC3	Q9NQT5	4
FAM50A	Q14320	4
FAN1	Q9Y2M0	4
FAR1	Q8WVX9	4
FARS2	O95363	4
FBP1	P09467	4
FDXR	P22570	4
FLRT3	Q9NZU0	4
FOXE1	O00358	4
GABBR2	O75899	4
GCGR	P47871	4
GFM1	Q96RP9	4
GGPS1	O95749	4
GLRA2	P23416	4
GPR179	Q6PRD1	4
GRIA3	P42263	4
GRIA4	P48058	4
GRIK2	Q13002	4
GRXCR1	A8MXD5	4
HAL	P42357	4
HAMP	P81172	4
HCN2	Q9UL51	4
HCN4	Q9Y3Q4	4
HDAC4	P56524	4
HDAC8	Q9BY41	4
HECW2	Q9P2P5	4
HNRNPA1	P09651	4
HOXA13	P31271	4
HSD17B4	P51659	4
HSF4	Q9ULV5	4
IARS1	P41252	4
IL36RN	Q9UBH0	4
INPPL1	O15357	4
KAT8	Q9H7Z6	4
KCNC3	Q14003	4
KCNQ5	Q9NR82	4
KIF11	P52732	4
KIF22	Q14807	4
KMT2E	Q8IZD2	4
KRT18	P05783	4
LAMB3	Q13751	4
LARGE1	O95461	4
LDB3	O75112	4
LETM1	O95202	4
LHFPL5	Q8TAF8	4
LHX4	Q969G2	4
LIG3	P49916	4
LIPA	P38571	4
LMNB1	P20700	4
LOX	P28300	4
LYST	Q99698	4
MACF1	Q9UPN3	4
MADD	Q8WXG6	4
MAP2K2	P36507	4
MCFD2	Q8NI22	4
MCM6	Q14566	4
MID1	O15344	4
MKRN3	Q13064	4
MME	P08473	4
MSX2	P35548	4
MT-CO1	P00395	4
MT-ND3	P03897	4
MTUS1	Q9ULD2	4
MYO15A	Q9UKN7	4
MYO1E	Q12965	4
NAGA	P17050	4
NARS1	O43776	4
NBEA	Q8NFP9	4
NCKAP1L	P55160	4
NDST1	P52848	4
NDUFAF1	Q9Y375	4
NDUFS2	O75306	4
NEDD4L	Q96PU5	4
NEXN	Q0ZGT2	4
NFE2L2	Q16236	4
NFU1	Q9UMS0	4
NHERF1	O14745	4
NLGN1	Q8N2Q7	4
NODAL	Q96S42	4
NR2F1	P10589	4
OAS1	P00973	4
OPN1SW	P03999	4
OTUD5	Q96G74	4
PAPSS2	O95340	4
PAX4	O43316	4
PAX8	Q06710	4
PCARE	A6NGG8	4
PCDH15	Q96QU1	4
PDE10A	Q9Y233	4
PEPD	P12955	4
PHKG2	P15735	4
PIGV	Q9NUD9	4
PLOD2	O00469	4
PLS1	Q14651	4
PMPCA	Q10713	4
PNKP	Q96T60	4
POU3F3	P20264	4
PPP2R1A	P30153	4
PPP2R5D	Q14738	4
PRKACB	P22694	4
PRUNE1	Q86TP1	4
PTPN22	Q9Y2R2	4
QARS1	P47897	4
RAB7A	P51149	4
RAC3	P60763	4
RARB	P10826	4
RASGRP2	Q7LDG7	4
RBP4	P02753	4
RCBTB1	Q8NDN9	4
REST	Q13127	4
RIPK1	Q13546	4
RLIM	Q9NVW2	4
RORA	P35398	4
RPL10	P27635	4
RRAS2	P62070	4
RSPO4	Q2I0M5	4
SEMA4A	Q9H3S1	4
SETD1B	Q9UPS6	4
SETD2	Q9BYW2	4
SGCG	Q13326	4
SH3TC2	Q8TF17	4
SHOX	O15266	4
SIX5	Q8N196	4
SLC10A1	Q14973	4
SLC25A38	Q96DW6	4
SLC25A46	Q96AG3	4
SLC39A14	Q15043	4
SLC5A6	Q9Y289	4
SLC6A1	P30531	4
SLC7A14	Q8TBB6	4
SLFN14	P0C7P3	4
SMARCC2	Q8TAQ2	4
SNRPB	P14678	4
SNX10	Q9Y5X0	4
SOX4	Q06945	4
SPG7	Q9UQ90	4
SREBF1	P36956	4
SRGAP1	Q7Z6B7	4
STING1	Q86WV6	4
SYNGAP1	Q96PV0	4
TBL1XR1	Q9BZK7	4
TBX1	O43435	4
TBXAS1	P24557	4
TCAP	O15273	4
TFAP2A	P05549	4
TGFB2	P61812	4
THOC2	Q8NI27	4
TINF2	Q9BSI4	4
TLR7	Q9NYK1	4
TLR8	Q9NR97	4
TMEM138	Q9NPI0	4
TMEM165	Q9HC07	4
TNFRSF13B	O14836	4
TOP2B	Q02880	4
TRAF3IP1	Q8TDR0	4
TRAF7	Q6Q0C0	4
TRAPPC2	P0DI81	4
TRIP12	Q14669	4
TRPV3	Q8NET8	4
TSEN54	Q7Z6J9	4
TWIST2	Q8WVJ9	4
UBA2	Q9UBT2	4
UCHL1	P09936	4
UFSP2	Q9NUQ7	4
VPS33B	Q9H267	4
VPS4A	Q9UN37	4
VSX1	Q9NZR4	4
WLS	Q5T9L3	4
WNK4	Q96J92	4
WNT4	P56705	4
WNT7A	O00755	4
WRAP53	Q9BUR4	4
YARS1	P54577	4
ZBTB20	Q9HC78	4
ZNF644	Q9H582	4
AAAS	Q9NRG9	3
ABCD4	O14678	3
ACP4	Q9BZG2	3
ACTL6B	O94805	3
ADCY5	O95622	3
ADGRL1	O94910	3
ADK	P55263	3
AFF4	Q9UHB7	3
AGPAT2	O15120	3
AHDC1	Q5TGY3	3
AKT3	Q9Y243	3
ALB	P02768	3
ALDH1A2	O94788	3
ALDOA	P04075	3
AMACR	Q9UHK6	3
AMELX	Q99217	3
AMN	Q9BXJ7	3
AMPD2	Q01433	3
ANK1	P16157	3
ANO5	Q75V66	3
AP2S1	P53680	3
APOA1	P02647	3
APOB	P04114	3
ARHGEF9	O43307	3
ARL13B	Q3SXY8	3
ASNS	P08243	3
ASPRV1	Q53RT3	3
ATP6V0A1	Q93050	3
BCKDK	O14874	3
BCL11A	Q9H165	3
BHLHA9	Q7RTU4	3
BMP1	P13497	3
C2	P06681	3
CACNA1G	O43497	3
CALM3	P0DP25	3
CARS1	P49589	3
CASP10	Q92851	3
CCM2	Q9BSQ5	3
CCNF	P41002	3
CD36	P16671	3
CDC14A	Q9UNH5	3
CDC20	Q12834	3
CDC42BPB	Q9Y5S2	3
CDH15	P55291	3
CDK4	P11802	3
CEP290	O15078	3
CEP41	Q9BYV8	3
CETP	P11597	3
CFAP418	Q96NL8	3
CHKA	P35790	3
CHM	P24386	3
CHRNB1	P11230	3
CILK1	Q9UPZ9	3
CIT	O14578	3
CIZ1	Q9ULV3	3
CLDN19	Q8N6F1	3
CLPP	Q16740	3
COL4A2	P08572	3
COLGALT1	Q8NBJ5	3
COQ6	Q9Y2Z9	3
CRTAP	O75718	3
CRYBA4	P53673	3
CSF3R	Q99062	3
CSGALNACT1	Q8TDX6	3
CUL3	Q13618	3
CUL7	Q14999	3
CYFIP2	Q96F07	3
CYLD	Q9NQC7	3
DAW1	Q8N136	3
DBH	P09172	3
DBR1	Q9UK59	3
DBT	P11182	3
DCLRE1C	Q96SD1	3
DIS3L2	Q8IYB7	3
DNA2	P51530	3
DNAH1	Q9P2D7	3
DNAH11	Q96DT5	3
DNAH17	Q9UFH2	3
DNAJB6	O75190	3
DNAJC30	Q96LL9	3
DNASE2	O00115	3
DPM1	O60762	3
DPY19L2	Q6NUT2	3
DPYD	Q12882	3
DRAM2	Q6UX65	3
DUOX2	Q9NRD8	3
DYM	Q7RTS9	3
EDARADD	Q8WWZ3	3
EDN1	P05305	3
EDN3	P14138	3
EEF1A2	Q05639	3
EFTUD2	Q15029	3
EPHA2	P29317	3
ERBB3	P21860	3
ERF	P50548	3
ETFA	P13804	3
ETV6	P41212	3
EXOSC5	Q9NQT4	3
FA2H	Q7L5A8	3
FAM111B	Q6SJ93	3
FAM20A	Q96MK3	3
FANCC	Q00597	3
FANCD2	Q9BXW9	3
FGF13	Q92913	3
FGF17	O60258	3
FKBP10	Q96AY3	3
FMR1	Q06787	3
FOXG1	P55316	3
FOXP1	Q9H334	3
FREM2	Q5SZK8	3
FRMD5	Q7Z6J6	3
FTO	Q9C0B1	3
FUCA1	P04066	3
FZR1	Q9UM11	3
GABRA5	P31644	3
GANAB	Q14697	3
GBA2	Q9HCG7	3
GCLC	P48506	3
GDF2	Q9UK05	3
GJB6	O95452	3
GK	P32189	3
GLE1	Q53GS7	3
GLS	O94925	3
GNAT1	P11488	3
GNMT	Q14749	3
GNPAT	O15228	3
GNPTG	Q9UJJ9	3
GNS	P15586	3
GREM2	Q9H772	3
GRHL3	Q8TE85	3
GRIA1	P42261	3
GRID2	O43424	3
GRM1	Q13255	3
GYG1	P46976	3
H3C1	P68431	3
HADH	Q16836	3
HAVCR2	Q8TDQ0	3
HES7	Q9BYE0	3
HNRNPH2	P55795	3
HPCA	P84074	3
HPD	P32754	3
HR	O43593	3
HS2ST1	Q7LGA3	3
IGSF1	Q8N6C5	3
IL11RA	Q14626	3
IL6ST	P40189	3
ING1	Q9UK53	3
INSL3	P51460	3
IPO8	O15397	3
ITGA3	P26006	3
ITGB6	P18564	3
KANK2	Q63ZY3	3
KAT5	Q92993	3
KATNB1	Q9BVA0	3
KBTBD13	C9JR72	3
KCNJ13	O60928	3
KCNN3	Q9UGI6	3
KCNN4	O15554	3
KCNQ3	O43525	3
KDM1A	O60341	3
KDM4B	O94953	3
KLKB1	P03952	3
KMT2B	Q9UMN6	3
KRT25	Q7Z3Z0	3
KRT74	Q7RTS7	3
KRT8	P05787	3
KRT81	Q14533	3
LARS2	Q15031	3
LIG1	P18858	3
LIPT1	Q9Y234	3
LIPT2	A6NK58	3
MANBA	O00462	3
MAPK8IP3	Q9UPT6	3
MAPRE2	Q15555	3
MATR3	P43243	3
MDH2	P40926	3
MECOM	Q03112	3
MECR	Q9BV79	3
MED13	Q9UHV7	3
MEGF10	Q96KG7	3
MEGF8	Q7Z7M0	3
MERTK	Q12866	3
MGAT2	Q10469	3
MINPP1	Q9UNW1	3
MIPEP	Q99797	3
MMADHC	Q9H3L0	3
MOCOS	Q96EN8	3
MPDU1	O75352	3
MPO	P05164	3
MRAS	O14807	3
MRPS2	Q9Y399	3
MSH4	O15457	3
MT-CYB	P00156	3
MT-ND1	P03886	3
MT-ND2	P03891	3
MT-ND4	P03905	3
MTFMT	Q96DP5	3
MVD	P53602	3
MYCN	P04198	3
MYLK	Q15746	3
MYMK	A6NI61	3
MYO6	Q9UM54	3
NAA10	P41227	3
NAA20	P61599	3
NADSYN1	Q6IA69	3
NARS2	Q96I59	3
NCAPG2	Q86XI2	3
NCDN	Q9UBB6	3
NDUFAF3	Q9BU61	3
NDUFAF5	Q5TEU4	3
NDUFB8	O95169	3
NDUFS8	O00217	3
NDUFV1	P49821	3
NEK1	Q96PY6	3
NEK8	Q86SG6	3
NEK9	Q8TD19	3
NFIB	O00712	3
NKAP	Q8N5F7	3
NKX2-6	A6NCS4	3
NLRC4	Q9NPP4	3
NOBOX	O60393	3
NOTCH1	P46531	3
NR4A2	P43354	3
NSDHL	Q15738	3
NTRK3	Q16288	3
NUP133	Q8WUM0	3
NUP93	Q8N1F7	3
OPN1LW	P04000	3
P2RY12	Q9H244	3
PADI3	Q9ULW8	3
PCBD1	P61457	3
PDZD7	Q9H5P4	3
PEX5	P50542	3
PFN1	P07737	3
PGAM2	P15259	3
PGAP3	Q96FM1	3
PHACTR1	Q9C0D0	3
PIBF1	Q8WXW3	3
PIK3CG	P48736	3
PIK3R2	O00459	3
PJVK	Q0ZLH3	3
PLEKHG5	O94827	3
PLN	P26678	3
PLPBP	O94903	3
PMP2	P02689	3
PNPO	Q9NVS9	3
POGLUT1	Q8NBL1	3
POLA1	P09884	3
POLE	Q07864	3
POLG2	Q9UHN1	3
POMGNT2	Q8NAT1	3
POMK	Q9H5K3	3
POP1	Q99575	3
POPDC3	Q9HBV1	3
PPARG	P37231	3
PPIL1	Q9Y3C6	3
PPP2R3C	Q969Q6	3
PRICKLE1	Q96MT3	3
PRMT7	Q9NVM4	3
PROM1	O43490	3
PRORP	O15091	3
PSAT1	Q9Y617	3
PSMB8	P28062	3
PSPH	P78330	3
PSTPIP1	O43586	3
PTDSS1	P48651	3
PUM1	Q14671	3
RAB27A	P51159	3
RAD21	O60216	3
RAD51	Q06609	3
RANBP2	P49792	3
RASA1	P20936	3
REEP6	Q96HR9	3
REN	P00797	3
RFT1	Q96AA3	3
RFX6	Q8HWS3	3
RIPK4	P57078	3
RLBP1	P12271	3
RNF125	Q96EQ8	3
RNF170	Q96K19	3
RNF213	Q63HN8	3
SC5D	O75845	3
SCN3B	Q9NY72	3
SCN4B	Q8IWT1	3
SDHAF1	A6NFY7	3
SEC61A1	P61619	3
SEPSECS	Q9HD40	3
SERAC1	Q96JX3	3
SERPIND1	P05546	3
SFTPA1	Q8IWL2	3
SGPL1	O95470	3
SHANK3	Q9BYB0	3
SIK1	P57059	3
SKIC3	Q6PGP7	3
SLC10A7	Q0GE19	3
SLC11A2	P49281	3
SLC16A1	P53985	3
SLC19A2	O60779	3
SLC1A2	P43004	3
SLC25A11	Q02978	3
SLC25A19	Q9HC21	3
SLC25A20	O43772	3
SLC25A26	Q70HW3	3
SLC25A32	Q9H2D1	3
SLC26A8	Q96RN1	3
SLC28A1	O00337	3
SLC2A2	P11168	3
SLC35A1	P78382	3
SLC39A7	Q92504	3
SLC45A1	Q9Y2W3	3
SLC9A3	P48764	3
SLC9A6	Q92581	3
SMAD2	Q15796	3
SMARCB1	Q12824	3
SMOC1	Q9H4F8	3
SORD	Q00796	3
SOST	Q9BQB4	3
SPECC1L	Q69YQ0	3
SPINK1	P00995	3
ST3GAL3	Q11203	3
STAG2	Q8N3U4	3
STAG3	Q9UJ98	3
SUCLA2	Q9P2R7	3
SUCLG1	P53597	3
SUN5	Q8TC36	3
SUZ12	Q15022	3
SYNJ1	O43426	3
SYT2	Q8N9I0	3
TANGO2	Q6ICL3	3
TCF12	Q99081	3
TENM4	Q6N022	3
TFG	Q92734	3
TFR2	Q9UP52	3
TLL1	O43897	3
TMEM147	Q9BVK8	3
TMEM163	Q8TC26	3
TMEM199	Q8N511	3
TMEM218	A2RU14	3
TMEM43	Q9BTV4	3
TMEM63A	O94886	3
TMIE	Q8NEW7	3
TMX2	Q9Y320	3
TOGARAM1	Q9Y4F4	3
TOMT	Q8WZ04	3
TOR1A	O14656	3
TP53RK	Q96S44	3
TPK1	Q9H3S4	3
TRIM32	Q13049	3
TRIM37	O94972	3
TRPM3	Q9HCF6	3
TSEN15	Q8WW01	3
TUBG1	P23258	3
U2AF1	Q01081	3
UMPS	P11172	3
UNC45B	Q8IWX7	3
USH1G	Q495M9	3
USP53	Q70EK8	3
VAC14	Q08AM6	3
VAMP2	P63027	3
VANGL1	Q8TAA9	3
VANGL2	Q9ULK5	3
VAPB	O95292	3
VARS2	Q5ST30	3
WWOX	Q9NZC7	3
XK	P51811	3
XRCC4	Q13426	3
XYLT1	Q86Y38	3
YWHAG	P61981	3
ZFP57	Q9NU63	3
ZMPSTE24	O75844	3
ABHD16A	O95870	2
ABL1	P00519	2
ACAN	P16112	2
ACVR2B	Q13705	2
ADAMTS18	Q8TE60	2
ADAMTS3	O15072	2
ADGRG6	Q86SQ4	2
ADGRV1	Q8WXG9	2
AGBL5	Q8NDL9	2
AIPL1	Q9NZN9	2
AK2	P54819	2
AKT2	P31751	2
ALG13	Q9NP73	2
ALG14	Q96F25	2
ALG3	Q92685	2
ALG5	Q9Y673	2
ALG8	Q9BVK2	2
ALG9	Q9H6U8	2
AMPD1	P23109	2
ANKLE2	Q86XL3	2
ANKS6	Q68DC2	2
ANLN	Q9NQW6	2
ANXA11	P50995	2
AP1S3	Q96PC3	2
AP4E1	Q9UPM8	2
APOL1	O14791	2
ARF1	P84077	2
ARID1B	Q8NFD5	2
ARIH1	Q9Y4X5	2
ARL3	P36405	2
ATF6	P18850	2
ATOH7	Q8N100	2
ATP2B3	Q16720	2
ATP5F1A	P25705	2
ATP5F1D	P30049	2
ATP6AP2	O75787	2
ATP6V1E1	P36543	2
AVIL	O75366	2
B2M	P61769	2
B3GAT3	O94766	2
B4GALNT1	Q00973	2
B4GALT7	Q9UBV7	2
B4GAT1	O43505	2
B9D1	Q9UPM9	2
BBS5	Q8N3I7	2
BCAS3	Q9H6U6	2
BCAT2	O15382	2
BCL11B	Q9C0K0	2
BGN	P21810	2
BOLA3	Q53S33	2
BPGM	P07738	2
BPNT2	Q9NX62	2
BPTF	Q12830	2
BRPF1	P55201	2
C1GALT1C1	Q96EU7	2
C1QBP	Q07021	2
C9	P02748	2
CA12	O43570	2
CAPN5	O15484	2
CBX2	Q14781	2
CCDC115	Q96NT0	2
CCDC22	O60826	2
CCNO	P22674	2
CD40	P25942	2
CDC73	Q6P1J9	2
CDCA7	Q9BWT1	2
CDH3	P22223	2
CEACAM16	Q2WEN9	2
CEBPE	Q15744	2
CELA2A	P08217	2
CENPE	Q02224	2
CEP152	O94986	2
CEP164	Q9UPV0	2
CEP83	Q9Y592	2
CEP85L	Q5SZL2	2
CERT1	Q9Y5P4	2
CFD	P00746	2
CHD2	O14647	2
CHKB	Q9Y259	2
CHMP4B	Q9H444	2
CHRNA4	P43681	2
CHRNB2	P17787	2
CIITA	P33076	2
CLDN10	P78369	2
COA6	Q5JTJ3	2
COA7	Q96BR5	2
COG4	Q9H9E3	2
COL12A1	Q99715	2
COL5A2	P05997	2
COLEC11	Q9BWP8	2
CORIN	Q9Y5Q5	2
COX15	Q7KZN9	2
COX6A2	Q02221	2
COX6B1	P14854	2
CPA6	Q8N4T0	2
CRYBB1	P53674	2
CRYBB3	P26998	2
CRYGC	P07315	2
CSNK1D	P48730	2
CSRP3	P50461	2
CST3	P01034	2
CTH	P32929	2
CTSD	P07339	2
CUBN	O60494	2
CUL4B	Q13620	2
CYC1	P08574	2
CYP26B1	Q9NR63	2
DCC	P43146	2
DCDC2	Q9UHG0	2
DCHS1	Q96JQ0	2
DCLRE1B	Q9H816	2
DCT	P40126	2
DDB2	Q92466	2
DDX59	Q5T1V6	2
DEF6	Q9H4E7	2
DGKE	P52429	2
DHFR	P00374	2
DHTKD1	Q96HY7	2
DIO1	P49895	2
DMXL2	Q8TDJ6	2
DNAAF11	Q86X45	2
DNAJB11	Q9UBS4	2
DNHD1	Q96M86	2
DOCK2	Q92608	2
DOLK	Q9UPQ8	2
DPH5	Q9H2P9	2
DPYSL5	Q9BPU6	2
DSTYK	Q6XUX3	2
DTYMK	P23919	2
DYNC2LI1	Q8TCX1	2
DYRK1B	Q9Y463	2
DZIP1	Q86YF9	2
DZIP1L	Q8IYY4	2
EDNRA	P25101	2
EGLN1	Q9GZT9	2
EIF2AK4	Q9P2K8	2
EIF2B1	Q14232	2
EIF4G1	Q04637	2
ELF4	Q99607	2
ELMOD3	Q96FG2	2
ELOVL5	Q9NYP7	2
ELP1	O95163	2
EMC1	Q8N766	2
EML1	O00423	2
EMP2	P54851	2
ENAM	Q9NRM1	2
ENO3	P13929	2
EOGT	Q5NDL2	2
EPG5	Q9HCE0	2
ERBB4	Q15303	2
ERCC3	P19447	2
ERCC6	P0DP91	2
ESPN	B1AK53	2
ESR1	P03372	2
ETFB	P38117	2
EVC2	Q86UK5	2
EXOSC2	Q13868	2
EXOSC8	Q96B26	2
EYA4	O95677	2
FANCI	Q9NVI1	2
FBXO28	Q9NVF7	2
FCHO1	O14526	2
FERMT1	Q9BQL6	2
FGD4	Q96M96	2
FGF10	O15520	2
FGF3	P11487	2
FOXN1	O15353	2
FOXRED1	Q96CU9	2
FTCD	O95954	2
FTL	P02792	2
FZD2	Q14332	2
GABRA3	P34903	2
GABRB1	P18505	2
GALNT2	Q10471	2
GATA3	P23771	2
GDI1	P31150	2
GDNF	P39905	2
GET3	O43681	2
GFI1	Q99684	2
GFM2	Q969S9	2
GHSR	Q92847	2
GINS1	Q14691	2
GLDN	Q6ZMI3	2
GLI2	P10070	2
GLRX5	Q86SX6	2
GLUL	P15104	2
GM2A	P17900	2
GNAL	P38405	2
GNAS	P84996	2
GNAS	Q5JWF2	2
GNB4	Q9HAV0	2
GOSR2	O14653	2
GP1BB	P13224	2
GP6	Q9HCN6	2
GPHN	Q9NQX3	2
GRHL2	Q6ISB3	2
GRK1	Q15835	2
GSN	P06396	2
GSTZ1	O43708	2
GTF2E2	P29084	2
GUCY2C	P25092	2
H6PD	O95479	2
HARS2	P49590	2
HAX1	O00165	2
HEATR3	Q7Z4Q2	2
HEPHL1	Q6MZM0	2
HFM1	A2PYH4	2
HNMT	P50135	2
HNRNPDL	O14979	2
HNRNPH1	P31943	2
HOGA1	Q86XE5	2
HPDL	Q96IR7	2
HPGD	P15428	2
HPS5	Q9UPZ3	2
HRG	P04196	2
HSD3B7	Q9H2F3	2
HSPA9	P38646	2
HSPD1	P10809	2
HTRA2	O43464	2
HTT	P42858	2
HYCC1	Q9BYI3	2
IER3IP1	Q9Y5U9	2
IFT43	Q96FT9	2
IFT74	Q96LB3	2
IFT80	Q9P2H3	2
IGSF10	Q6WRI0	2
IL2RA	P01589	2
IMPG1	Q17R60	2
IMPG2	Q9BZV3	2
INVS	Q9Y283	2
IQSEC1	Q6DN90	2
IRAK4	Q9NWZ3	2
IRF1	P10914	2
IRF8	Q02556	2
IRS1	P35568	2
IRX5	P78411	2
ITPR3	Q14573	2
IYD	Q6PHW0	2
JAK1	P23458	2
JAM2	P57087	2
JAM3	Q9BX67	2
KCNK4	Q9NYG8	2
KCNK9	Q9NPC2	2
KCNU1	A8MYU2	2
KDM6B	O15054	2
KDR	P35968	2
KERA	O60938	2
KHK	P50053	2
KIF14	Q15058	2
KIF2A	O00139	2
KIF3B	O15066	2
KIF5C	O60282	2
KLF11	O14901	2
KLHL10	Q6JEL2	2
KRIT1	O00522	2
KRT3	P12035	2
KRT83	P78385	2
LAGE3	Q14657	2
LCT	P09848	2
LDHD	Q86WU2	2
LDLRAP1	Q5SW96	2
LEMD2	Q8NC56	2
LEP	P41159	2
LGI3	Q8N145	2
LGI4	Q8N135	2
LHX3	Q9UBR4	2
LIG4	P49917	2
LINGO1	Q96FE5	2
LIPC	P11150	2
LIPH	Q8WWY8	2
LMBRD2	Q68DH5	2
LRIT3	Q3SXY7	2
LYZ	P61626	2
MAN1B1	Q9UKM7	2
MAP3K1	Q13233	2
MAP3K20	Q9NYL2	2
MASP2	O00187	2
MCIDAS	D6RGH6	2
MED25	Q71SY5	2
MEF2C	Q06413	2
MKS1	Q9NXB0	2
MMP2	P08253	2
MOGS	Q13724	2
MPC1	Q9Y5U8	2
MSMO1	Q15800	2
MT-ATP8	P03928	2
MT-CO3	P00414	2
MTHFS	P49914	2
MTMR14	Q8NCE2	2
MTR	Q99707	2
MYD88	Q99836	2
MYH11	P35749	2
MYH8	P13535	2
MYL11	Q96A32	2
MYLK2	Q9H1R3	2
MYORG	Q6NSJ0	2
MYOZ2	Q9NPC6	2
MYRF	Q9Y2G1	2
NAXD	Q8IW45	2
NAXE	Q8NCW5	2
NDUFA1	O15239	2
NDUFA8	P51970	2
NDUFA9	Q16795	2
NDUFAF4	Q9P032	2
NDUFS1	P28331	2
NDUFS3	O75489	2
NEUROD1	Q13562	2
NEUROD2	Q15784	2
NEUROG3	Q9Y4Z2	2
NHEJ1	Q9H9Q4	2
NHP2	Q9NX24	2
NIN	Q8N4C6	2
NIPA1	Q7RTP0	2
NOL3	O60936	2
NPR3	P17342	2
NPTX1	Q15818	2
NSF	P46459	2
NSMCE3	Q96MG7	2
NSMF	Q6X4W1	2
NTN1	O95631	2
NUBPL	Q8TB37	2
NUP214	P35658	2
NUP85	Q9BW27	2
NUS1	Q96E22	2
OGT	O15294	2
OPA3	Q9H6K4	2
P2RX2	Q9UBL9	2
P4HA2	O15460	2
PADI6	Q6TGC4	2
PAK1	Q13153	2
PAK3	O75914	2
PANX1	Q96RD7	2
PARD3	Q8TEW0	2
PARN	O95453	2
PATL2	C9JE40	2
PCGF2	P35227	2
PCSK1	P29120	2
PDGFB	P01127	2
PDGFRA	P16234	2
PDHB	P11177	2
PDXK	O00764	2
PEX13	Q92968	2
PEX16	Q9Y5Y5	2
PEX2	P28328	2
PEX3	P56589	2
PEX7	O00628	2
PHOX2B	Q99453	2
PHYKPL	Q8IUZ5	2
PIDD1	Q9HB75	2
PIGC	Q92535	2
PIGS	Q96S52	2
PIGU	Q9H490	2
PIGW	Q7Z7B1	2
PIK3R1	P27986	2
PISD	Q9UG56	2
PITRM1	Q5JRX3	2
PLA2G5	P39877	2
PLA2G7	Q13093	2
PLAA	Q9Y263	2
PLCD1	P51178	2
PLEC	Q15149	2
PLXNA1	Q9UIW2	2
PLXND1	Q9Y4D7	2
PNKD	Q8N490	2
PNPLA1	Q8N8W4	2
PNPT1	Q8TCS8	2
POLD1	P28340	2
POLR1A	O95602	2
POLR1B	Q9H9Y6	2
POLR2A	P24928	2
PPCS	Q9HAB8	2
PQBP1	O60828	2
PRCD	Q00LT1	2
PRDM6	Q9NQX0	2
PRDX3	P30048	2
PRKACA	P17612	2
PRKAR1B	P31321	2
PRKD1	Q15139	2
PRKDC	P78527	2
PRLR	P16471	2
PRPF3	O43395	2
PRPF31	Q8WWY3	2
PRPF4	O43172	2
PRR12	Q9ULL5	2
PTH	P01270	2
PTHLH	P12272	2
PTPN23	Q9H3S7	2
PYCR2	Q96C36	2
PYGL	P06737	2
PYROXD1	Q8WU10	2
QRSL1	Q9H0R6	2
RAB11B	Q15907	2
RAB23	Q9ULC3	2
RAB33B	Q9H082	2
RAB39B	Q96DA2	2
RAB3GAP1	Q15042	2
RAB3GAP2	Q9H2M9	2
RAC2	P15153	2
RACGAP1	Q9H0H5	2
RARS1	P54136	2
RAX2	Q96IS3	2
RBCK1	Q9BYM8	2
RBPJ	Q06330	2
REEP2	Q9BRK0	2
REPS1	Q96D71	2
RHBDF2	Q6PJF5	2
RHOA	P61586	2
RIGI	O95786	2
RINT1	Q6NUQ1	2
RNASEH1	O60930	2
RNF13	O43567	2
RNF216	Q9NWF9	2
RNF220	Q5VTB9	2
ROBO2	Q9HCK4	2
RP1L1	Q8IWN7	2
RP9	Q8TA86	2
RPL5	P46777	2
RPS23	P62266	2
RPS26	P62854	2
RPS29	P62273	2
RTTN	Q86VV8	2
RUNX1	Q01196	2
RXYLT1	Q9Y2B1	2
S1PR2	O95136	2
SARDH	Q9UL12	2
SARS1	P49591	2
SBDS	Q9Y3A5	2
SBF1	O95248	2
SCN10A	Q9Y5Y9	2
SCN2B	O60939	2
SCRIB	Q14160	2
SCUBE3	Q8IX30	2
SDR9C7	Q8NEX9	2
SEC24D	O94855	2
SELENBP1	Q13228	2
SEPTIN12	Q8IYM1	2
SEPTIN9	Q9UHD8	2
SERPINA6	P08185	2
SERPINI1	Q99574	2
SET	Q01105	2
SGCD	Q92629	2
SHOC2	Q9UQ13	2
SHQ1	Q6PI26	2
SLC10A2	Q12908	2
SLC12A1	Q13621	2
SLC13A3	Q8WWT9	2
SLC17A9	Q9BYT1	2
SLC18A3	Q16572	2
SLC19A3	Q9BZV2	2
SLC1A4	P43007	2
SLC24A4	Q8NFF2	2
SLC25A12	O75746	2
SLC25A24	Q6NUK1	2
SLC26A1	Q9H2B4	2
SLC30A10	Q6XR72	2
SLC30A2	Q9BRI3	2
SLC33A1	O00400	2
SLC35C1	Q96A29	2
SLC36A2	Q495M3	2
SLC6A17	Q9H1V8	2
SLC6A3	Q01959	2
SLC6A6	P31641	2
SLITRK1	Q96PX8	2
SMARCC1	Q92922	2
SMARCD1	Q96GM5	2
SMARCE1	Q969G3	2
SNTA1	Q13424	2
SOCS1	O15524	2
SOS2	Q07890	2
SOX17	Q9H6I2	2
SOX18	P35713	2
SP6	Q3SY56	2
SPARC	P09486	2
SPI1	P17947	2
SPR	P35270	2
SPRED1	Q7Z699	2
SPTBN2	O15020	2
STAT2	P52630	2
STN1	Q9H668	2
STOX1	Q6ZVD7	2
STX1B	P61266	2
SUFU	Q9UMX1	2
SYNE1	Q8NF91	2
TAB2	Q9NYJ8	2
TAC3	Q9UHF0	2
TAF13	Q15543	2
TAF6	P49848	2
TARS1	P26639	2
TBC1D8B	Q0IIM8	2
TBCK	Q8TEA7	2
TBX18	O95935	2
TBX20	Q9UMR3	2
TBX3	O15119	2
TBX4	P57082	2
TEX11	Q8IYF3	2
TF	P02787	2
THRA	P10827	2
THSD1	Q9NS62	2
TIA1	P31483	2
TKFC	Q3LXA3	2
TMC1	Q8TDI8	2
TMEM231	Q9H6L2	2
TMEM260	Q9NX78	2
TMEM98	Q9Y2Y6	2
TMTC3	Q6ZXV5	2
TNC	P24821	2
TNNC2	P02585	2
TNNT3	P45378	2
TOP3A	Q13472	2
TPRKB	Q9Y3C4	2
TRAF3IP2	O43734	2
TRHR	P34981	2
TRIM71	Q2Q1W2	2
TRIP11	Q15643	2
TRMT10C	Q7L0Y3	2
TRMT5	Q32P41	2
TRMU	O75648	2
TSFM	P43897	2
TUBB2A	Q13885	2
TUBB4A	P04350	2
TUBB4B	P68371	2
TYRP1	P17643	2
UBE2A	P49459	2
UFC1	Q9Y3C8	2
UNC80	Q8N2C7	2
UQCRC1	P31930	2
UROC1	Q96N76	2
VCL	P18206	2
VPS41	P49754	2
VPS45	Q9NRW7	2
WDR1	O75083	2
WDR36	Q8NI36	2
WDR4	P57081	2
WNT10B	O00744	2
WNT5A	P41221	2
WRN	Q14191	2
XPC	Q01831	2
XRCC2	O43543	2
YARS2	Q9Y2Z4	2
YRDC	Q86U90	2
YY1	P25490	2
ZBTB11	O95625	2
ZBTB7A	O95365	2
ZDHHC9	Q9Y397	2
ZEB2	O60315	2
ZNF142	P52746	2
ZNF408	Q9H9D4	2
ZNF423	Q2M1K9	2
ABAT	P80404	1
ABCA7	Q8IZY2	1
ABCC1	P33527	1
ABHD12	Q8N2K0	1
ABRAXAS1	Q6UWZ7	1
ACADSB	P45954	1
ACD	Q96AP0	1
ACER3	Q9NUN7	1
ACKR3	P25106	1
ACOX2	Q99424	1
ACSL4	O60488	1
ACTL6A	O96019	1
ADAMTS10	Q9H324	1
ADARB1	P78563	1
ADAT3	Q96EY9	1
ADCY6	O43306	1
ADD3	Q9UEY8	1
ADGRB2	O60241	1
ADGRE2	Q9UHX3	1
ADH5	P11766	1
ADIPOQ	Q15848	1
ADPRS	Q9NX46	1
ADSS1	Q8N142	1
AGBL1	Q96MI9	1
AGGF1	Q8N302	1
AGL	P35573	1
AGR2	O95994	1
AGT	P01019	1
AGTR1	P30556	1
AIP	O00170	1
AK7	Q96M32	1
AKAP9	Q99996	1
ALDH2	P05091	1
ALDH4A1	P30038	1
ALG2	Q9H553	1
ALPK1	Q96QP1	1
AMMECR1	Q9Y4X0	1
ANGPT1	Q15389	1
ANGPT2	O15123	1
ANO10	Q9NW15	1
AP1B1	Q10567	1
AP2M1	Q96CW1	1
AP3B1	O00203	1
APCDD1	Q8J025	1
APOC2	P02655	1
APOC3	P02656	1
APPL1	Q9UKG1	1
ARFGEF1	Q9Y6D6	1
ARHGAP26	Q9UNA1	1
ARHGEF10	O15013	1
ARHGEF18	Q6ZSZ5	1
ARL2	P36404	1
ARL2BP	Q9Y2Y0	1
ARPC4	P59998	1
ARSG	Q96EG1	1
ARSK	Q6UWY0	1
ARV1	Q9H2C2	1
ASH1L	Q9NR48	1
ASPH	Q12797	1
ATCAY	Q86WG3	1
ATG16L1	Q676U5	1
ATG5	Q9H1Y0	1
ATIC	P31939	1
ATL3	Q6DD88	1
ATP11A	P98196	1
ATP11C	Q8NB49	1
ATP13A3	Q9H7F0	1
ATP2A1	O14983	1
ATP5F1B	P06576	1
ATP5F1E	P56381	1
ATP5MC3	P48201	1
ATP6V1B2	P21281	1
ATP8A2	Q9NTI2	1
ATPAF2	Q8N5M1	1
ATR	Q13535	1
AUH	Q13825	1
B9D2	Q9BPU9	1
BAAT	Q14032	1
BACH2	Q9BYV9	1
BANF1	O75531	1
BBS9	Q3SYG4	1
BCO1	Q9HAY6	1
BCOR	Q6W2J9	1
BFSP1	Q12934	1
BFSP2	Q13515	1
BICC1	Q9H694	1
BMPER	Q8N8U9	1
BMS1	Q14692	1
BNC2	Q6ZN30	1
BTG4	Q9NY30	1
BVES	Q8NE79	1
C12orf4	Q9NQ89	1
C12orf57	Q99622	1
C1QB	P02746	1
C1QC	P02747	1
C1QTNF5	Q9BXJ0	1
C1S	P09871	1
C2CD3	Q4AC94	1
CA5A	P35218	1
CA8	P35219	1
CABP4	P57796	1
CACNA2D1	P54289	1
CACNA2D2	Q9NY47	1
CACNB4	O00305	1
CACNG2	Q9Y698	1
CAD	P27708	1
CADM3	Q8N126	1
CAMK2G	Q13555	1
CAPN1	P07384	1
CARD8	Q9Y2G2	1
CARS2	Q9HA77	1
CASP8	Q14790	1
CASZ1	Q86V15	1
CATIP	Q7Z7H3	1
CBLIF	P27352	1
CCDC88C	Q9P219	1
CCNK	O75909	1
CCT5	P48643	1
CD207	Q9UJ71	1
CD27	P26842	1
CD55	P08174	1
CD59	P13987	1
CD79B	P40259	1
CD8A	P01732	1
CD96	P40200	1
CDC40	O60508	1
CDC42	P60953	1
CDC6	Q99741	1
CDHR1	Q96JP9	1
CDK6	Q00534	1
CEBPA	P49715	1
CELF2	O95319	1
CENPJ	Q9HC77	1
CEP120	Q8N960	1
CERKL	Q49MI3	1
CERS1	P27544	1
CFAP276	Q5T5A4	1
CFAP300	Q9BRQ4	1
CFAP52	Q8N1V2	1
CFC1	P0CG37	1
CFL2	Q9Y281	1
CHCHD2	Q9Y6H1	1
CHRDL1	Q9BU40	1
CHRNA2	Q15822	1
CHST8	Q9H2A9	1
CHSY1	Q86X52	1
CLCC1	Q96S66	1
CLCF1	Q9UBD9	1
CLCN6	P51797	1
CLCNKA	P51800	1
CLEC3B	P05452	1
CLIC2	O15247	1
CLMP	Q9H6B4	1
CLP1	Q92989	1
CLPX	O76031	1
CLRN2	A0PK11	1
CLTC	Q00610	1
CNGA1	P29973	1
CNGB1	Q14028	1
COA5	Q86WW8	1
COASY	Q13057	1
COG2	Q14746	1
COG6	Q9Y2V7	1
COL25A1	Q9BXS0	1
COL27A1	Q8IZC6	1
COL4A6	Q14031	1
COL9A2	Q14055	1
COL9A3	Q14050	1
COLEC10	Q9Y6Z7	1
COPB1	P53618	1
COQ7	Q99807	1
CORO1A	P31146	1
COX14	Q96I36	1
COX20	Q5RI15	1
COX4I1	P13073	1
COX4I2	Q96KJ9	1
COX5A	P20674	1
CPAMD8	Q8IZJ3	1
CPN1	P15169	1
CPSF3	Q9UKF6	1
CPT1C	Q8TCG5	1
CRADD	P78560	1
CRBN	Q96SW2	1
CREB3L3	Q68CJ9	1
CRIPT	Q9P021	1
CRLS1	Q9UJA2	1
CRNN	Q9UBG3	1
CRYBA2	P53672	1
CRYGS	P22914	1
CRYM	Q14894	1
CSF2RA	P15509	1
CSNK1G1	Q9HCP0	1
CSTB	P04080	1
CTBP1	Q13363	1
CTCF	P49711	1
CTLA4	P16410	1
CTNNA3	Q9UI47	1
CTNNBL1	Q8WYA6	1
CUX2	O14529	1
CYB561	P49447	1
CYB5A	P00167	1
CYCS	P99999	1
CYP2R1	Q6VVX0	1
CYP3A4	P08684	1
DACT1	Q9NYF0	1
DCAF8	Q5TAQ9	1
DCPS	Q96C86	1
DDHD2	O94830	1
DDOST	P39656	1
DDX11	Q96FC9	1
DDX41	Q9UJV9	1
DHDDS	Q86SQ9	1
DHH	O43323	1
DHPS	P49366	1
DHX16	O60231	1
DHX38	Q92620	1
DIABLO	Q9NR28	1
DIAPH1	O60610	1
DLL1	O00548	1
DLL3	Q9NYJ7	1
DLST	P36957	1
DLX5	P56178	1
DMGDH	Q9UI17	1
DNAAF1	Q8NEP3	1
DNAAF3	Q8N9W5	1
DNAAF5	Q86Y56	1
DNAAF6	Q9NQM4	1
DNAH10	Q8IVF4	1
DNAH2	Q9P225	1
DNAI1	Q9UI46	1
DNAJB13	P59910	1
DNAJB2	P25686	1
DNAJC12	Q9UKB3	1
DNAJC21	Q5F1R6	1
DNAJC5	Q9H3Z4	1
DNAJC6	O75061	1
DNAL1	Q4LDG9	1
DOCK8	Q8NF50	1
DOHH	Q9BU89	1
DPH2	Q9BQC3	1
DPM2	O94777	1
DPM3	Q9P2X0	1
DPP6	P42658	1
DSE	Q9UL01	1
DUT	P33316	1
DYNC1I2	Q13409	1
DYNC2I1	Q8WVS4	1
ECE1	P42892	1
ECM1	Q16610	1
EDC3	Q96F86	1
EEF2	P13639	1
EFEMP1	Q12805	1
EGF	P01133	1
EGFR	P00533	1
EHHADH	Q08426	1
EHMT1	Q9H9B1	1
EIF2AK2	P19525	1
EIF2AK3	Q9NZJ5	1
EIF2S3	P41091	1
EIF3F	O00303	1
EIF4A3	P38919	1
ELOVL1	Q9BW60	1
ELOVL4	Q9GZR5	1
EMG1	Q92979	1
EMILIN1	Q9Y6C2	1
ENTPD1	P49961	1
EP300	Q09472	1
EPB41L1	Q9H4G0	1
EPCAM	P16422	1
EPO	P01588	1
EPOR	P19235	1
EPRS1	P07814	1
EPX	P11678	1
ERAL1	O75616	1
ERBB2	P04626	1
ERCC1	P07992	1
ERLIN1	O75477	1
ERMARD	Q5T6L9	1
ESCO2	Q56NI9	1
ESR2	Q92731	1
ESRP1	Q6NXG1	1
EXOSC1	Q9Y3B2	1
EXOSC9	Q06265	1
FADD	Q13158	1
FAM83H	Q6ZRV2	1
FANCG	O15287	1
FASLG	P48023	1
FBP2	O00757	1
FBXL3	Q9UKT7	1
FBXO32	Q969P5	1
FBXO38	Q6PIJ6	1
FBXO7	Q9Y3I1	1
FCGR3A	P08637	1
FDPS	P14324	1
FDX2	Q6P4F2	1
FEM1C	Q96JP0	1
FEZF1	A0PJY2	1
FGF12	P61328	1
FGF14	Q92915	1
FGF16	O43320	1
FGF5	P12034	1
FGF9	P31371	1
FITM2	Q8N6M3	1
FLAD1	Q8NFF5	1
FOXC2	Q99958	1
FOXP2	O15409	1
FRMPD4	Q14CM0	1
FRZB	Q92765	1
FSHB	P01225	1
FTSJ1	Q9UET6	1
FUT8	Q9BYC5	1
FXYD2	P54710	1
FYCO1	Q9BQS8	1
FZD6	O60353	1
GAB1	Q13480	1
GABRB2	P47870	1
GABRD	O14764	1
GAD1	Q99259	1
GAL	P22466	1
GALM	Q96C23	1
GAS8	O95995	1
GATAD1	Q8WUU5	1
GATC	O43716	1
GDF11	O95390	1
GFER	P55789	1
GLYCTK	Q8IVS8	1
GMNN	O75496	1
GNAI3	P08754	1
GNAQ	P50148	1
GNB5	O14775	1
GNPNAT1	Q96EK6	1
GOT2	P00505	1
GPC3	P51654	1
GPD1	P21695	1
GPR101	Q96P66	1
GPR68	Q15743	1
GPRASP2	Q96D09	1
GPT2	Q8TD30	1
GRAP	Q13588	1
GRIN2D	O15399	1
GRM7	Q14831	1
GRN	P28799	1
GSR	P00390	1
GSX2	Q9BZM3	1
GTF2H5	Q6ZYL4	1
GUCA1B	Q9UMX6	1
GUF1	Q8N442	1
HABP2	Q14520	1
HCCS	P53701	1
HCRT	O43612	1
HERC1	Q15751	1
HERC2	O95714	1
HHAT	Q5VTY9	1
HIBCH	Q6NVY1	1
HIKESHI	Q53FT3	1
HMCN1	Q96RW7	1
HNRNPA2B1	P22626	1
HNRNPR	O43390	1
HOMER2	Q9NSB8	1
HOXA2	O43364	1
HOXB1	P14653	1
HOXB13	Q92826	1
HOXD10	P28358	1
HP	P00738	1
HPS3	Q969F9	1
HSF2BP	O75031	1
HSPB3	Q12988	1
HSPG2	P98160	1
HYAL1	Q12794	1
HYLS1	Q96M11	1
IBA57	Q5T440	1
IDH3B	O43837	1
IFITM5	A6NNB3	1
IFT27	Q9BW83	1
IFT52	Q9Y366	1
IFT56	A0AVF1	1
IFT81	Q8WYA0	1
IGKC	P01834	1
IGLL1	P15814	1
IKBKB	O14920	1
IKZF3	Q9UKT9	1
IL12RB1	P42701	1
IL17F	Q96PD4	1
IL21	Q9HBE4	1
IL21R	Q9HBE5	1
IL2RB	P14784	1
IL31RA	Q8NI17	1
IL37	Q9NZH6	1
IL6R	P08887	1
IL7R	P16871	1
ILDR1	Q86SU0	1
INAVA	Q3KP66	1
ING3	Q9NXR8	1
INTS1	Q8N201	1
INTS8	Q75QN2	1
IRF2BP2	Q7Z5L9	1
IRF2BPL	Q9H1B7	1
IRF3	Q14653	1
IRF7	Q92985	1
ISCA2	Q86U28	1
ITGA8	P53708	1
ITK	Q08881	1
ITM2B	Q9Y287	1
ITPA	Q9BY32	1
ITPR2	Q14571	1
JAG2	Q9Y219	1
KCNC1	P48547	1
KCND2	Q9NZV8	1
KCNJ6	P48051	1
KCNJ8	Q15842	1
KCNT2	Q6UVM3	1
KCTD17	Q8N5Z5	1
KDELR2	P33947	1
KDSR	Q06136	1
KIAA0586	Q9BVV6	1
KIF1B	O60333	1
KIF1C	O43896	1
KIF20A	O95235	1
KIF23	Q02241	1
KIF3C	O14782	1
KIRREL1	Q96J84	1
KISS1	Q15726	1
KITLG	P21583	1
KL	Q9UEF7	1
KLF1	Q13351	1
KLHL24	Q6TFL4	1
KLHL41	O60662	1
KNG1	P01042	1
KNL1	Q8NG31	1
KREMEN1	Q96MU8	1
KRT4	P19013	1
KRT6B	P04259	1
KRT6C	P48668	1
KRT71	Q3SY84	1
KRT75	O95678	1
KRT85	P78386	1
KYNU	Q16719	1
LACC1	Q8IV20	1
LAMA4	Q16363	1
LAMA5	O15230	1
LAMC3	Q9Y6N6	1
LAMP2	P13473	1
LARS1	Q9P2J5	1
LCK	P06239	1
LEFTY2	O00292	1
LFNG	Q8NES3	1
LHB	P01229	1
LIAS	O43766	1
LIFR	P42702	1
LIM2	P55344	1
LMAN1	P49257	1
LMAN2L	Q9H0V9	1
LMOD3	Q0VAK6	1
LMX1A	Q8TE12	1
LPIN2	Q92539	1
LRAT	O95237	1
LRBA	P50851	1
LRP1	Q07954	1
LRP2	P98164	1
LRPPRC	P42704	1
LRRC56	Q8IYG6	1
LRSAM1	Q6UWE0	1
LSM11	P83369	1
LTBP2	Q14767	1
LTBP4	Q8N2S1	1
LYRM4	Q9HD34	1
LYRM7	Q5U5X0	1
LYSET	Q8N6I4	1
LZTFL1	Q9NQ48	1
MAD2L2	Q9UI95	1
MAFA	Q8NHW3	1
MAG	P20916	1
MAGED2	Q9UNF1	1
MAGT1	Q9H0U3	1
MALT1	Q9UDY8	1
MAOA	P21397	1
MAPK8IP1	Q9UQF2	1
MAPKAPK3	Q16644	1
MARK3	P27448	1
MARS2	Q96GW9	1
MAST1	Q9Y2H9	1
MBD4	O95243	1
MBTPS1	Q14703	1
MCM10	Q7L590	1
MCM2	P49736	1
MCM5	P33992	1
MCM8	Q9UJA3	1
MCPH1	Q8NEM0	1
MDH1	P40925	1
MDM4	O15151	1
MED17	Q9NVC6	1
MED23	Q9ULK4	1
MEIOB	Q8N635	1
MFAP5	Q13361	1
MFRP	Q9BY79	1
MGME1	Q9BQP7	1
MIB1	Q86YT6	1
MID2	Q9UJV3	1
MLPH	Q9BV36	1
MMP14	P50281	1
MOCS2	O96007	1
MOCS2	O96033	1
MOG	Q16653	1
MOV10L1	Q9BXT6	1
MPLKIP	Q8TAP9	1
MRE11	P49959	1
MRM2	Q9UI43	1
MRPL12	P52815	1
MRPL3	P09001	1
MRPL44	Q9H9J2	1
MRPS14	O60783	1
MRPS22	P82650	1
MRPS23	Q9Y3D9	1
MRPS25	P82663	1
MRPS28	Q9Y2Q9	1
MRPS34	P82930	1
MRPS7	Q9Y2R9	1
MSH5	O43196	1
MSN	P26038	1
MSRB3	Q8IXL7	1
MST1R	Q04912	1
MSTO1	Q9BUK6	1
MT-CO2	P00403	1
MT-ND4L	P03901	1
MTMR2	Q13614	1
MTO1	Q9Y2Z2	1
MTPAP	Q9NVV4	1
MTSS2	Q765P7	1
MXI1	P50539	1
MXRA5	Q9NR99	1
MYF5	P13349	1
MYH10	P35580	1
MYH2	Q9UKX2	1
MYL1	P05976	1
MYL4	P12829	1
MYO1F	O00160	1
MYSM1	Q5VVJ2	1
NACC1	Q96RE7	1
NBN	O60934	1
NCAPD3	P42695	1
NCAPH	Q15003	1
NCF1	P14598	1
NCF4	Q15080	1
NCSTN	Q92542	1
NDNF	Q8TB73	1
NDUFA10	O95299	1
NDUFA13	Q9P0J0	1
NDUFA6	P56556	1
NDUFAF7	Q7L592	1
NDUFB10	O96000	1
NDUFB11	Q9NX14	1
NDUFB3	O43676	1
NDUFB9	Q9Y6M9	1
NDUFC2	O95298	1
NDUFS4	O43181	1
NDUFS6	O75380	1
NDUFS7	O75251	1
NECTIN4	Q96NY8	1
NFKBIA	P25963	1
NFS1	Q9Y697	1
NGF	P01138	1
NLGN3	Q9NZ94	1
NOP10	Q9NPE3	1
NOS1AP	O75052	1
NOTCH2	Q04721	1
NPHP1	O15259	1
NPPA	P01160	1
NPRL2	Q8WTW4	1
NSUN2	Q08J23	1
NT5E	P21589	1
NTRK2	Q16620	1
NUP155	O75694	1
NUP205	Q92621	1
NUP62	P37198	1
NUP88	Q99567	1
OCLN	Q16625	1
ODAD1	Q96M63	1
ODAD2	Q5T2S8	1
OPCML	Q14982	1
ORC4	O43929	1
ORC6	Q9Y5N6	1
OTOG	Q6ZRI0	1
P3H2	Q8IVL5	1
P4HB	P07237	1
P4HTM	Q9NXG6	1
PACS1	Q6VY07	1
PACS2	Q86VP3	1
PAK2	Q13177	1
PALB2	Q86YC2	1
PAM16	Q9Y3D7	1
PAPPA2	Q9BXP8	1
PAX1	P15863	1
PAX5	Q02548	1
PAX7	P23759	1
PAX9	P55771	1
PCK1	P35558	1
PCNA	P12004	1
PDE1C	Q14123	1
PDE8B	O95263	1
PDGFRL	Q15198	1
PDK3	Q15120	1
PDSS1	Q5T2R2	1
PDSS2	Q86YH6	1
PER2	O15055	1
PERP	Q96FX8	1
PEX12	O00623	1
PHC1	P78364	1
PHF8	Q9UPP1	1
PHKA1	P46020	1
PHKB	Q93100	1
PHOX2A	O14813	1
PI4KB	Q9UBF8	1
PIGF	Q07326	1
PIGH	Q14442	1
PIGL	Q9Y2B2	1
PIGN	O95427	1
PIGP	P57054	1
PIGY	Q3MUY2	1
PIK3CD	O00329	1
PIK3R5	Q8WYR1	1
PIKFYVE	Q9Y2I7	1
PIP5K1C	O60331	1
PITPNM3	Q9BZ71	1
PITX1	P78337	1
PITX3	O75364	1
PKD1L1	Q8TDX9	1
PLA2G4A	P47712	1
PLCB3	Q01970	1
PLCE1	Q9P212	1
PLCG2	P16885	1
PLCZ1	Q86YW0	1
PLD1	Q13393	1
PLEKHG2	Q9H7P9	1
PLOD3	O60568	1
PLVAP	Q9BX97	1
PNLDC1	Q8NA58	1
PNLIP	P16233	1
PNPLA2	Q96AD5	1
POC1A	Q8NBT0	1
POC1B	Q8TC44	1
POF1B	Q8WVV4	1
POGZ	Q7Z3K3	1
POLR3K	Q9Y2Y1	1
POU4F1	Q01851	1
POU6F2	P78424	1
PPIB	P23284	1
PPIP5K2	O43314	1
PPP1R15B	Q5SWA1	1
PPP1R3A	Q16821	1
PPP2R2B	Q00005	1
PRDM16	Q9HAZ2	1
PRDM5	Q9NQX1	1
PRDM8	Q9NQV8	1
PRICKLE3	O43900	1
PRIM1	P49642	1
PRIMPOL	Q96LW4	1
PRKACG	P22612	1
PRKG1	Q13976	1
PRKRA	O75569	1
PRPF6	O94906	1
PRRX1	P54821	1
PRX	Q9BXM0	1
PSMB9	P28065	1
PTPRQ	Q9UMZ3	1
PTRH2	Q9Y3E5	1
PUF60	Q9UHX1	1
PUS1	Q9Y606	1
PUS7	Q96PZ0	1
PXDN	Q92626	1
RAB18	Q9NP72	1
RABL3	Q5HYI8	1
RALGAPA1	Q6GYQ0	1
RASGRP1	O95267	1
RAX	Q9Y2V3	1
RBBP8	Q99708	1
RBM28	Q9NW13	1
RBP3	P10745	1
RDX	P35241	1
RECQL4	O94761	1
RFWD3	Q6PCD5	1
RFX5	P48382	1
RFXANK	O14593	1
RGR	P47804	1
RGS9	O75916	1
RHOG	P84095	1
RIC1	Q4ADV7	1
RIMS1	Q86UR5	1
RMND1	Q9NWS8	1
RNASET2	O00584	1
RNF2	Q99496	1
RNPC3	Q96LT9	1
ROBO1	Q9Y6N7	1
ROBO4	Q8WZ75	1
ROR1	Q01973	1
RORB	Q92753	1
RORC	P51449	1
RPA1	P27694	1
RPIA	P49247	1
RPL10L	Q96L21	1
RPL11	P62913	1
RPL13	P26373	1
RPL21	P46778	1
RPL35A	P18077	1
RRP7A	Q9Y3A4	1
RSPH1	Q8WYR4	1
RSPH4A	Q5TD94	1
RSPO2	Q6UXX9	1
RSPRY1	Q96DX4	1
RTN2	O75298	1
RTN4IP1	Q8WWV3	1
RXFP2	Q8WXD0	1
SAG	P10523	1
SALL4	Q9UJQ4	1
SARS2	Q9NP81	1
SASH3	O75995	1
SASS6	Q6UVJ0	1
SCARB2	Q14108	1
SCARF2	Q96GP6	1
SCNM1	Q9BWG6	1
SCO1	O75880	1
SDHAF2	Q9NX18	1
SEC23A	Q15436	1
SECISBP2	Q96T21	1
SELENOI	Q9C0D9	1
SEMA7A	O75326	1
SERPINF2	P08697	1
SERPINH1	P50454	1
SETD5	Q9C0A6	1
SFTPB	P07988	1
SGO1	Q5FBB7	1
SH3PXD2B	A1X283	1
SHMT2	P34897	1
SIGMAR1	Q99720	1
SIK3	Q9Y2K2	1
SKIC2	Q15477	1
SLC17A8	Q8NDX2	1
SLC18A2	Q05940	1
SLC1A1	P43005	1
SLC1A3	P43003	1
SLC22A18	Q96BI1	1
SLC25A13	Q9UJS0	1
SLC25A21	Q9BQT8	1
SLC25A22	Q9H936	1
SLC25A3	Q00325	1
SLC25A42	Q86VD7	1
SLC2A4	P14672	1
SLC34A2	O95436	1
SLC35A3	Q9Y2D2	1
SLC35D1	Q9NTN3	1
SLC38A3	Q99624	1
SLC39A5	Q6ZMH5	1
SLC41A1	Q8IVJ1	1
SLC44A4	Q53GD3	1
SLC4A3	P48751	1
SLC5A2	P31639	1
SLC6A2	P23975	1
SLC6A9	P48067	1
SLC7A6OS	Q96CW6	1
SLC9A1	P19634	1
SLC9A7	Q96T83	1
SLF2	Q8IX21	1
SMAD9	O15198	1
SMC5	Q8IY18	1
SMG8	Q8ND04	1
SMO	Q99835	1
SMPD4	Q9NXE4	1
SMYD4	Q8IYR2	1
SNAP25	P60880	1
SNIP1	Q8TAD8	1
SNRPE	P62304	1
SPART	Q8N0X7	1
SPATA16	Q9BXB7	1
SPEG	Q15772	1
SPG11	Q96JI7	1
SPINT2	O43291	1
SPRED2	Q7Z698	1
SPRTN	Q9H040	1
SPRY2	O43597	1
SQOR	Q9Y6N5	1
SRC	P12931	1
SRP72	O76094	1
SSUH2	Q9Y2M2	1
ST14	Q9Y5Y6	1
ST6GALNAC1	Q9NSC7	1
STAC3	Q96MF2	1
STIL	Q15468	1
STK10	O94804	1
SUGCT	Q9HAC7	1
SYN1	P17600	1
SYNE2	Q8WXH0	1
SYP	P08247	1
SYT14	Q8NB59	1
SZT2	Q5T011	1
TAF2	Q6P1X5	1
TALDO1	P37837	1
TANC2	Q9HCD6	1
TAPT1	Q6NXT6	1
TARS2	Q9BW92	1
TASP1	Q9H6P5	1
TAT	P17735	1
TBCE	Q15813	1
TBX19	O60806	1
TBX2	Q13207	1
TBXA2R	P21731	1
TBXT	O15178	1
TCEAL1	Q15170	1
TCF20	Q9UGU0	1
TCOF1	Q13428	1
TCTN3	Q6NUS6	1
TDO2	P48775	1
TDP1	Q9NUW8	1
TEAD1	P28347	1
TECR	Q9NZ01	1
TET2	Q6N021	1
TFAM	Q00059	1
TFRC	P02786	1
TGFB3	P10600	1
TGM5	O43548	1
THG1L	Q9NWX6	1
THOC1	Q96FV9	1
THOC6	Q86W42	1
THUMPD1	Q9NXG2	1
TICAM1	Q8IUC6	1
TIMM22	Q9Y584	1
TIMM8A	O60220	1
TJP2	Q9UDY2	1
TKT	P29401	1
TLE6	Q9H808	1
TLR3	O15455	1
TMEM106B	Q9NUM4	1
TMEM107	Q6UX40	1
TMEM126B	Q8IUX1	1
TMEM132E	Q6IEE7	1
TMEM151A	Q8N4L1	1
TMEM222	Q9H0R3	1
TMEM70	Q9BUB7	1
TMLHE	Q9NVH6	1
TNFAIP3	P21580	1
TNFRSF4	P43489	1
TNFSF11	O14788	1
TNNI2	P48788	1
TNNI3K	Q59H18	1
TNPO3	Q9Y5L0	1
TNR	Q92752	1
TOM1	O60784	1
TPH2	Q8IWU9	1
TPP2	P29144	1
TRAF3	Q13114	1
TRAIP	Q9BWF2	1
TRAPPC10	P48553	1
TRAPPC11	Q7Z392	1
TRAPPC2L	Q9UL33	1
TRDN	Q13061	1
TREM2	Q9NZC2	1
TRIM2	Q9C040	1
TRIM36	Q9NQ86	1
TRIM44	Q96DX7	1
TRIOBP	Q9H2D6	1
TRIP13	Q15645	1
TRIT1	Q9H3H1	1
TRMT10A	Q8TBZ6	1
TRPA1	O75762	1
TRPC3	Q13507	1
TRPM7	Q96QT4	1
TSEN2	Q8NCE0	1
TSEN34	Q9BSV6	1
TSHB	P01222	1
TSPAN7	P41732	1
TSR2	Q969E8	1
TTC12	Q9H892	1
TTC21A	Q8NDW8	1
TTI2	Q6NXR4	1
TTLL5	Q6EMB2	1
TUBB1	Q9H4B7	1
TUBB6	Q9BUF5	1
TUFM	P49411	1
TULP3	O75386	1
UBE2T	Q9NPD8	1
UBE3B	Q7Z3V4	1
UBQLN4	Q9NRR5	1
UBTF	P17480	1
UCP3	P55916	1
UFM1	P61960	1
UGP2	Q16851	1
UNC119	Q13432	1
UNC5C	O95185	1
UNG	P13051	1
UPF3B	Q9BZI7	1
UQCC3	Q6UW78	1
UQCRC2	P22695	1
UQCRFS1	P47985	1
UQCRQ	O14949	1
USP27X	A6NNY8	1
USP9X	Q93008	1
UVSSA	Q2YD98	1
VAX1	Q5SQQ9	1
VIM	P08670	1
VPS11	Q9H270	1
VPS13C	Q709C8	1
VPS16	Q9H269	1
VPS33A	Q96AX1	1
VPS35	Q96QK1	1
VPS35L	Q7Z3J2	1
VPS37A	Q8NEZ2	1
VPS51	Q9UID3	1
VPS53	Q5VIR6	1
VWA3B	Q502W6	1
WARS1	P23381	1
WASHC4	Q2M389	1
WBP2	Q969T9	1
WDFY3	Q8IZQ1	1
WDPCP	O95876	1
WDR81	Q562E7	1
WEE2	P0C1S8	1
WIPI2	Q9Y4P8	1
XDH	P47989	1
XPNPEP3	Q9NQH7	1
XRCC1	P18887	1
XRCC3	O43542	1
XYLT2	Q9H1B5	1
YIF1B	Q5BJH7	1
YIPF5	Q969M3	1
YME1L1	Q96TA2	1
ZBTB16	Q05516	1
ZBTB24	O43167	1
ZBTB42	B2RXF5	1
ZCCHC8	Q6NZY4	1
ZFHX2	Q9C0A1	1
ZFYVE19	Q96K21	1
ZFYVE27	Q5T4F4	1
ZIC1	Q15915	1
ZNF141	Q15928	1
ZNF335	Q9H4Z2	1
ZNF407	Q9C0G0	1
ZNF513	Q8N8E2	1
ZNF687	Q8N1G0	1
ZNF711	Q9Y462	1
ZNHIT3	Q15649	1
ZP3	P21754	1
ZSWIM6	Q9HCJ5	1
